player_name,player_short_name,player_id,player_birthdate,team_name,team_id,competition_name,competition_id,season_name,season_id,position_group,minutes_full_all,minutes_full_tip,minutes_full_otip,count_match,count_match_failed,total_distance_full_all,total_metersperminute_full_all,running_distance_full_all,hsr_distance_full_all,hsr_count_full_all,sprint_distance_full_all,sprint_count_full_all,hi_distance_full_all,hi_count_full_all,medaccel_count_full_all,highaccel_count_full_all,meddecel_count_full_all,highdecel_count_full_all,explacceltohsr_count_full_all,timetohsr_top3,explacceltosprint_count_full_all,timetosprint_top3,psv99,psv99_top5,total_distance_full_tip,total_metersperminute_full_tip,running_distance_full_tip,hsr_distance_full_tip,hsr_count_full_tip,sprint_distance_full_tip,sprint_count_full_tip,hi_distance_full_tip,hi_count_full_tip,medaccel_count_full_tip,highaccel_count_full_tip,meddecel_count_full_tip,highdecel_count_full_tip,explacceltohsr_count_full_tip,explacceltosprint_count_full_tip,total_distance_full_otip,total_metersperminute_full_otip,running_distance_full_otip,hsr_distance_full_otip,hsr_count_full_otip,sprint_distance_full_otip,sprint_count_full_otip,hi_distance_full_otip,hi_count_full_otip,medaccel_count_full_otip,highaccel_count_full_otip,meddecel_count_full_otip,highdecel_count_full_otip,explacceltohsr_count_full_otip,explacceltosprint_count_full_otip
Adam Taggart,A. Taggart,211,6/2/93,Perth Glory Football Club,871,AUS - A-League,61,2024/2025,95,Center Forward,96.78,22.29,32.04,24,0,10515.04,108.64,1413.42,572.67,59.54,184.08,11,756.75,70.54,119.38,10.46,99.46,21.67,7.38,0.63,1.25,1.35,28.83,29.98,3087.92,138.53,533.83,288.08,29.71,120.83,6.5,408.92,36.21,43.08,3.42,26.29,5.67,2.5,0.67,4423.04,138.05,755.33,249.38,24.21,48.46,3,297.83,27.21,42.38,2.67,38.25,6.96,1.92,0.08
Adama Traoré,A. Traoré,218,2/3/90,Melbourne Victory Football Club,868,AUS - A-League,61,2024/2025,95,Full Back,89.05,26.23,19.99,6,0,9173.67,103.02,1088.83,430.67,43.67,141.33,8.67,572,52.33,102.17,5.33,84.17,16.17,3.5,0.72,1,1.7,30.07,30.24,3411.67,130.05,478.17,157,16.17,60.67,2.83,217.67,19,35.5,1.83,26,4,1,0.17,2789.33,139.51,480.17,245.67,21,69.67,4,315.33,25,37.83,2,25.67,4.5,1.17,0.5
Dino Arslanagić,D. Arslanagić,2759,4/24/93,Macarthur FC,1804,AUS - A-League,61,2024/2025,95,Central Defender,96.46,28.33,26.86,8,0,9563.5,99.14,1041.12,281.25,23.38,38.25,2.5,319.5,25.88,107.25,3.88,86.12,9.62,3,0.8,0.38,,25.82,26.48,3248.62,114.68,320.5,57.38,4.62,6.38,0.12,63.75,4.75,28.62,1,24,1.88,0.38,0.12,3517.12,130.95,559,194.12,15.62,29.12,1.25,223.25,16.88,45.12,1.75,30.75,3.5,1.25,0
Douglas  Costa de Souza,Douglas Costa,2858,9/14/90,Sydney Football Club,869,AUS - A-League,61,2024/2025,95,Center Forward,94.25,27.43,24.81,4,0,10521.25,111.64,1425.5,406.75,36,71.25,4.25,478,40.25,91.5,6.5,74,10.5,3.25,0.78,0.5,,26.38,26.38,3782.5,137.92,632.75,186.5,16.75,39.25,1.75,225.75,18.5,41,2.75,26.5,3.75,1.5,0,3652.5,147.23,662,199.25,15.5,28,2,227.25,17.5,28.75,2,25,3,0.75,0.25
Douglas  Costa de Souza,Douglas Costa,2858,9/14/90,Sydney Football Club,869,AUS - A-League,61,2024/2025,95,Midfield,67.57,20.63,17.78,1,0,7843,116.08,1307,318,26,10,2,328,28,67,3,58,7,2,,0,,24.6,24.6,2822,136.77,556,121,9,9,1,130,10,22,1,17,3,1,0,2840,159.7,637,169,16,1,0,170,16,26,0,21,2,0,0
Douglas  Costa de Souza,Douglas Costa,2858,9/14/90,Sydney Football Club,869,AUS - A-League,61,2024/2025,95,Wide Attacker,94.89,26.34,21.5,4,0,10349.25,109.07,1593.75,551.75,46,95.75,6,647.5,52,97,7,70.75,14.75,3.5,0.69,0.75,1.63,27.12,27.12,3562.75,135.27,617,214.75,19.25,49,2.5,263.75,21.75,39,3.25,22.75,5,1.75,0.75,3464.75,161.18,833.75,310.5,23.75,39.25,2.5,349.75,26.25,34.5,2,24.5,5.25,0.75,0
Hiroki Sakai,H. Sakai,4322,4/12/90,Auckland FC,4177,AUS - A-League,61,2024/2025,95,Central Defender,99.07,23.47,24.14,3,0,10025,101.19,1174.33,412.67,47,177.33,11.33,590,58.33,108.33,5.33,88.33,10.67,3.67,,2.33,,30.27,30.27,2936.67,125.11,339.33,84.67,10.67,61.33,2.33,146,13,27,1.67,21.33,2.67,0.33,0.33,3478.67,144.08,634.67,264,28.67,89,5.67,353,34.33,44,2,32.67,3.33,1.33,1
Hiroki Sakai,H. Sakai,4322,4/12/90,Auckland FC,4177,AUS - A-League,61,2024/2025,95,Full Back,97.97,23.72,26.1,21,0,9934.52,101.4,1264.05,557.29,54.43,180.95,11.05,738.24,65.48,106.71,7.05,91.67,16.62,4.38,0.61,1.76,1.36,28.88,30.64,2929.81,123.53,420.57,196.81,20.29,85.14,4.48,281.95,24.76,31.33,2.19,23.14,3.95,1.57,0.57,3701.05,141.78,666.1,304.71,28.14,80.9,5.05,385.62,33.19,44.9,2.38,33.24,5.62,1.33,0.57
Javi López ,Javi López,4792,1/21/86,Adelaide United Football Club,866,AUS - A-League,61,2024/2025,95,Full Back,94.38,26.79,26.28,6,0,9914.5,105.05,1248.83,469,42.83,83.17,5.5,552.17,48.33,103.17,5.67,88.83,16,3.83,0.74,1.5,1.49,27.6,27.94,3269.67,122.04,400.67,116.17,11.17,24.67,1.33,140.83,12.5,29.67,1.67,24.5,3.17,0.5,0,3736.67,142.2,685.17,320.17,25.83,48.33,2.67,368.5,28.5,45.67,2.5,32.33,6.5,1.67,0.83
Joshua Brillante,J. Brillante,5468,3/25/93,Western Sydney Wanderers FC,2902,AUS - A-League,61,2024/2025,95,Central Defender,88.38,23.88,25.18,4,0,8934.5,101.1,931.75,247.75,23.25,41.5,2.5,289.25,25.75,99.25,3.75,79.5,7.5,3,0.84,0,,27.12,27.12,3004.5,125.84,345,69.5,6.75,8,0.25,77.5,7,27.25,0.5,20.5,1.25,0,0,3324.5,132.06,467.25,148.5,14.25,28.75,0.75,177.25,15,39.25,1.5,31,2.5,1.25,0
Joshua Brillante,J. Brillante,5468,3/25/93,Western Sydney Wanderers FC,2902,AUS - A-League,61,2024/2025,95,Midfield,87.22,25.55,24.34,20,0,10833.15,124.21,1920.25,529.65,44.6,105.5,5.5,635.15,50.1,121.85,3.05,103.55,14.35,2.2,0.73,0.65,1.51,27.11,28.78,3863.45,151.2,751.7,124.45,10.8,20.35,0.85,144.8,11.65,41.25,0.7,33,3.1,0.35,0,4141.2,170.12,1001.6,370.9,30.05,77.85,3.7,448.75,33.75,48.85,0.95,35.95,5.7,0.7,0.2
Juan Manuel Mata García,Juan Mata,5521,4/28/88,Western Sydney Wanderers FC,2902,AUS - A-League,61,2024/2025,95,Center Forward,63.18,23.33,17.02,1,0,7734,122.41,1212,516,35,36,3,552,38,78,3,63,9,2,,0,,25.7,25.7,3465,148.5,676,257,20,22,1,279,21,35,1,23,2,0,0,2541,149.32,411,257,13,14,0,271,13,21,2,20,3,0,0
Juan Manuel Mata García,Juan Mata,5521,4/28/88,Western Sydney Wanderers FC,2902,AUS - A-League,61,2024/2025,95,Midfield,68.36,18.35,18.77,3,0,8418.67,123.16,1511.33,301,26.33,45.33,3,346.33,29.33,84.33,2.33,73.33,10.33,0.33,,0,,25.73,25.73,2908.67,158.51,666.33,99.33,7.33,21.33,0.67,120.67,8,25.67,0.33,19.67,2,0,0,3126.67,166.61,721,179.33,15,20.67,1,200,16,34,0,27.33,3.33,0,0
Kévin Boli,K. Boli,5805,6/21/91,Macarthur FC,1804,AUS - A-League,61,2024/2025,95,Central Defender,93.14,24.3,24.05,8,0,8978.88,96.4,925.88,317.12,29,72.75,4,389.88,33,97.38,4.38,81,9.25,3,0.78,0.5,,27.52,28.48,2868.75,118.07,287.38,65.5,6.75,14.88,0.75,80.38,7.5,26.25,1.38,20.12,2.25,0.5,0,3203.38,133.18,497.38,211.12,18,49.5,2.12,260.62,20.12,40.62,1.88,29,2,1.12,0.38
Marco Rojas,M. Rojas,6799,11/5/91,Wellington Phoenix FC,867,AUS - A-League,61,2024/2025,95,Wide Attacker,68.47,24.22,19.92,1,0,9037,131.99,1446,695,60,249,12,944,72,85,4,75,14,4,,0,,29,29,3630,149.9,613,303,33,200,8,503,41,38,2,25,4,0,0,3235,162.43,707,333,26,47,3,380,29,27,1,26,6,1,0
Marin Jakoliš,M. Jakoliš,6871,12/26/96,Macarthur FC,1804,AUS - A-League,61,2024/2025,95,Center Forward,99.78,23.6,29.88,2,0,10751.5,107.75,1362,437,49,171.5,8.5,608.5,57.5,96,5.5,82,13.5,4,,2,,30.45,30.45,3452,146.27,638.5,205,21,87,4,292,25,33.5,2,23,2.5,1,0.5,3937.5,131.8,582.5,205,22.5,67,3,272,25.5,34.5,2,31,5.5,2,0.5
Marin Jakoliš,M. Jakoliš,6871,12/26/96,Macarthur FC,1804,AUS - A-League,61,2024/2025,95,Full Back,98.12,25.4,22.32,1,0,9796,99.84,1212,462,50,193,13,655,63,107,5,84,22,2,,0,,27.6,27.6,3456,136.06,672,210,27,126,7,336,34,41,3,30,7,0,0,2940,131.74,405,209,19,53,4,262,23,40,2,26,5,2,0
Marin Jakoliš,M. Jakoliš,6871,12/26/96,Macarthur FC,1804,AUS - A-League,61,2024/2025,95,Midfield,96.2,26.58,23.98,1,0,10307,107.14,1293,469,48,209,11,678,59,95,3,87,10,0,,0,,30.2,30.2,3681,138.47,600,219,26,109,6,328,32,32,1,26,3,0,0,3271,136.39,518,213,18,73,4,286,22,33,1,29,3,0,0
Marin Jakoliš,M. Jakoliš,6871,12/26/96,Macarthur FC,1804,AUS - A-League,61,2024/2025,95,Wide Attacker,92.85,25.68,24.76,20,0,9868.35,106.28,1192.45,540.25,54.95,212.55,11,752.8,65.95,100.2,5.6,84.55,16.45,4.45,0.69,1.45,1.35,29.93,31.68,3520.5,137.09,584.4,296.95,29.2,135.55,6.05,432.5,35.25,40.3,2.4,27.4,4.95,1.95,0.7,3279,132.41,479.5,199.5,19.85,56.55,2.65,256.05,22.5,32.45,1.6,27.15,3.9,1,0.3
Mathew Leckie,M. Leckie,7252,2/4/91,Melbourne City FC,2380,AUS - A-League,61,2024/2025,95,Midfield,89.51,25.3,21.95,6,0,10473.67,117.01,1568,506.5,52,173.5,9.5,680,61.5,112.33,5.17,97.17,17,3.67,0.62,0.83,1.35,28.83,29.3,3663.5,144.79,621.33,215.83,23,71.17,4.33,287,27.33,40.5,1.67,31.17,4.83,1.5,0.17,3658.5,166.7,795,263,25.5,89.17,4.17,352.17,29.67,40.67,2.17,30.33,4.5,1.5,0.17
Roderick Jefferson Gonçalves Miranda,Roderick Miranda,9175,3/30/91,Melbourne Victory Football Club,868,AUS - A-League,61,2024/2025,95,Central Defender,96.14,26.45,23.38,28,0,9509.14,98.91,1079.57,400.57,37.54,125.61,7.25,526.18,44.79,101.43,4.57,78.86,12.14,2.43,0.75,0.43,1.43,28.42,30.1,3134.25,118.52,347.5,86.07,7.68,16.57,0.96,102.64,8.64,25.21,1.11,20.82,2.11,0.39,0.04,3257.64,139.31,559.82,270.32,25.07,94.89,4.75,365.21,29.82,43.29,1.75,28.46,4.32,1,0.18
Samuel Souprayen,S. Souprayen,9520,2/18/89,Melbourne City FC,2380,AUS - A-League,61,2024/2025,95,Central Defender,97.6,30.32,23.97,20,0,10423.3,106.8,1307,361.6,31.7,73.35,4.55,434.95,36.25,104.45,3.45,85.15,7.9,1.4,0.8,0.25,,27.45,28.88,3839.3,126.63,475.9,105.75,9.35,15.15,0.75,120.9,10.1,33.2,0.8,28.55,2.6,0.3,0.1,3533.75,147.41,649.15,221.75,19.1,53.2,2.7,274.95,21.8,41.3,1.35,29.2,2.5,0.45,0.1
Trent Sainsbury,T. Sainsbury,10549,1/5/92,Central Coast Mariners Football Club,870,AUS - A-League,61,2024/2025,95,Central Defender,90.77,23.63,29.62,13,0,9676.15,106.6,1028.15,330.54,35.77,114.85,6.69,445.38,42.46,100.77,4.31,82.15,10.62,2.77,0.69,1.15,1.4,28.45,29.68,2902.31,122.84,293.15,64.46,5.85,17.46,0.85,81.92,6.69,24.69,1,19.92,2,0.08,0,4167.23,140.7,608.62,231.62,25.31,86.54,4.23,318.15,29.54,47.92,1.92,34.85,3.62,1.38,0.46
Trent Sainsbury,T. Sainsbury,10549,1/5/92,Central Coast Mariners Football Club,870,AUS - A-League,61,2024/2025,95,Full Back,97.3,25.02,25.52,1,0,10408,106.97,1427,350,37,112,6,462,43,100,6,88,12,3,,0,,29.9,29.9,3292,131.59,515,76,10,22,1,98,11,30,2,26,3,2,0,3688,144.53,705,222,21,89,3,311,24,42,2,26,5,1,0
Valère Germain,V. Germain,10623,4/17/90,Macarthur FC,1804,AUS - A-League,61,2024/2025,95,Center Forward,96.66,28.07,26.38,16,0,9711.5,100.47,1129.06,395.44,38.12,106.06,5.31,501.5,43.44,98.38,5.44,81.62,12.81,2.88,0.75,0.69,1.58,28.26,30,3621.31,129.02,620.38,261.75,23.44,77.94,3.44,339.69,26.88,42.44,2.12,28.19,4.56,1.12,0.31,3221.44,122.13,400.19,114.25,11.62,23.38,0.88,137.62,12.5,29.5,1.81,27.12,2.81,0.38,0.06
Valère Germain,V. Germain,10623,4/17/90,Macarthur FC,1804,AUS - A-League,61,2024/2025,95,Wide Attacker,98.12,25.5,28.83,1,0,9815,100.03,1217,253,30,73,4,326,34,95,7,91,9,4,,2,,27.7,27.7,3199,125.45,584,175,17,46,2,221,19,41,4,30,4,2,2,3539,122.74,499,76,10,25,1,101,11,29,2,31,3,0,0
Zinédine Machach,Z. Machach,11117,1/5/96,Melbourne Victory Football Club,868,AUS - A-League,61,2024/2025,95,Center Forward,87.83,22.6,24.02,1,0,10405,118.46,1634,501,48,96,7,597,55,104,5,88,11,5,,0,,26.8,26.8,3538,156.55,752,385,31,86,5,471,36,41,2,26,4,2,0,3723,155.02,704,78,9,9,1,87,10,34,1,28,2,0,0
Zinédine Machach,Z. Machach,11117,1/5/96,Melbourne Victory Football Club,868,AUS - A-League,61,2024/2025,95,Midfield,86.27,24.07,20.68,25,0,9779.12,113.36,1376.56,416.8,39.68,116.92,6.2,533.72,45.88,92.96,3.44,77.84,12.64,1.72,0.71,0.52,1.48,28.37,30.5,3573.8,148.48,661.72,256.48,23.28,83.76,3.8,340.24,27.08,35.72,1.32,25.76,3.48,0.88,0.16,3171.6,153.36,575.8,137.72,13,26.24,1.16,163.96,14.16,29.76,0.8,23.36,2.56,0.24,0.12
Daniel Arzani,D. Arzani,11885,1/4/99,Melbourne Victory Football Club,868,AUS - A-League,61,2024/2025,95,Midfield,90.83,21.9,19.6,1,0,9436,103.88,1277,701,72,268,18,969,90,102,8,90,15,6,,3,,29.2,29.2,3419,156.12,693,391,41,174,11,565,52,44,4,32,4,3,1,2664,135.92,428,253,25,75,5,328,30,27,2,22,4,2,1
Daniel Arzani,D. Arzani,11885,1/4/99,Melbourne Victory Football Club,868,AUS - A-League,61,2024/2025,95,Wide Attacker,77.2,21.72,18.57,18,0,8738.89,113.19,1305.94,636.78,62.06,225.78,13.17,862.56,75.22,100.11,7.44,77.44,21.44,5.28,0.62,1.61,1.27,29.28,30.88,3326.33,153.15,677.39,368.44,34,144.33,7.5,512.78,41.5,42.39,3.39,27.17,6.22,2.56,0.67,2626.94,141.49,488.61,217.5,20.67,56.83,3.22,274.33,23.89,29.67,1.83,21.5,5.06,1.11,0.28
Andrew  Nabbout,A. Nabbout,11887,12/17/92,Melbourne City FC,2380,AUS - A-League,61,2024/2025,95,Center Forward,95.58,28.25,25.35,2,0,10841,113.42,1356.5,699.5,69.5,246.5,15.5,946,85,104,6.5,90,13.5,4,,0.5,,29.65,29.65,3913,138.51,548.5,304.5,35,165.5,7.5,470,42.5,40.5,3,29,3.5,2.5,0.5,3920,154.64,683.5,337.5,28,68.5,5,406,33,34.5,1.5,31,4.5,0,0
Aziz Eraltay Behich,A. Behich,11891,12/16/90,Melbourne City FC,2380,AUS - A-League,61,2024/2025,95,Central Defender,97.92,34.58,21.82,2,0,10426.5,106.47,1332,411,44.5,178,8,589,52.5,118.5,5.5,98,14.5,2.5,,1.5,,29.7,29.7,4235.5,122.47,545,168,18,53,2,221,20,45,2,37.5,4.5,0,0,3288,150.65,634.5,196.5,23.5,115.5,4,312,27.5,39.5,2,28,3.5,1,0.5
Aziz Eraltay Behich,A. Behich,11891,12/16/90,Melbourne City FC,2380,AUS - A-League,61,2024/2025,95,Full Back,98.83,30.07,24.77,25,0,10562.72,106.88,1447.36,544.04,52.88,189.72,10.56,733.76,63.44,115.84,6.56,98.68,20,4.8,0.59,2,1.21,29.52,31.24,3774.68,125.53,599.44,238.4,23.84,91.76,4.64,330.16,28.48,41.92,3.16,33.2,6.68,2.16,0.92,3686.08,148.84,683.48,263.04,24.44,85.08,4.36,348.12,28.8,43.16,1.88,30.04,4.76,1.16,0.36
Matthew Jurman,M. Jurman,11895,12/8/89,Macarthur FC,1804,AUS - A-League,61,2024/2025,95,Central Defender,89.95,25.67,23.04,10,0,8819.5,98.05,889.2,309,25.9,80,3.6,389,29.5,94.1,4.3,74.5,9.1,1.7,0.72,0.4,,27.04,28.4,2997.4,116.78,275.8,57.2,5.9,9.4,0.3,66.6,6.2,24.2,0.8,20.7,1.9,0.1,0,3045.4,132.21,454.9,181.2,16.8,38.1,1.8,219.3,18.6,39,1.9,24.9,2.6,0.7,0.1
Josh Risdon,J. Risdon,11897,7/27/92,Perth Glory Football Club,871,AUS - A-League,61,2024/2025,95,Full Back,93.09,19.36,31.87,15,0,10121.27,108.72,1373.07,575.2,52.67,158,9.4,733.2,62.07,106.87,7.07,91.6,20.07,4.93,0.61,1.87,1.37,28.45,29.26,2619.73,135.33,470.33,188.13,17.33,44.6,2.73,232.73,20.07,28.6,2,20.8,4,1.2,0.67,4454.53,139.77,734,340.6,30.07,103.8,5.13,444.4,35.2,49.13,2.6,38.6,6.6,1.67,0.53
Saîf-Eddine Khaoui,S. Khaoui,12120,4/27/95,Macarthur FC,1804,AUS - A-League,61,2024/2025,95,Midfield,65.01,18.3,13.81,2,0,7326,112.69,1101,455.5,35.5,69.5,4,525,39.5,77.5,3.5,70,12,2.5,,0,,26.7,26.7,2935,160.38,574,281,19.5,36.5,2.5,317.5,22,30.5,1,23,3.5,1,0,1989.5,144.08,387.5,146,13,22.5,1,168.5,14,21.5,1,17.5,3,0.5,0
Luke Amos,L. Amos,12185,2/23/97,Perth Glory Football Club,871,AUS - A-League,61,2024/2025,95,Midfield,70.28,17.98,23.67,7,0,8915.43,126.86,1752.14,573.43,45.14,89.14,6.14,662.57,51.29,92.29,3,79.57,13,1.71,0.78,0.86,1.74,26.57,26.84,2745,152.7,600.86,163,12,21.86,1.43,184.86,13.43,26.86,0.71,19.57,2.43,0.43,0.14,4053.86,171.29,1035.71,381.43,29.43,62.29,3.14,443.71,32.57,43.57,1,33.86,6,0.29,0
Francisco de Oliveira Geraldes,Chico Geraldes,12780,4/18/95,Wellington Phoenix FC,867,AUS - A-League,61,2024/2025,95,Center Forward,90.38,16.72,29.69,2,0,10181.5,112.65,1440.5,409.5,43,163,8.5,572.5,51.5,112.5,6.5,90.5,11.5,6,,0.5,,28.5,28.5,2619,156.67,602.5,215,19,55,3.5,270,22.5,32,2.5,21.5,2,2,0,4401.5,148.24,708,168.5,21,100,4,268.5,25,49,1.5,37,6,1,0.5
Francisco de Oliveira Geraldes,Chico Geraldes,12780,4/18/95,Wellington Phoenix FC,867,AUS - A-League,61,2024/2025,95,Midfield,85.3,21.78,27.22,2,0,10256,120.23,1510,534,47,152.5,8,686.5,55,101.5,3.5,87,11.5,3,,1.5,,28.5,28.5,3236.5,148.58,638.5,265.5,22,72,4,337.5,26,35.5,1.5,22.5,4,1.5,0.5,4317,158.62,752.5,238.5,22.5,70,3,308.5,25.5,43,1,35.5,4.5,0.5,0.5
Francisco de Oliveira Geraldes,Chico Geraldes,12780,4/18/95,Wellington Phoenix FC,867,AUS - A-League,61,2024/2025,95,Wide Attacker,68.5,19.58,21.38,1,0,8143,118.88,1335,432,40,104,6,536,46,89,5,77,12,4,,1,,26.6,26.6,2942,150.23,653,242,23,63,4,305,27,36,1,26,3,1,0,3166,148.06,570,160,13,22,1,182,14,33,1,28,6,0,0
Alex Gersbach,A. Gersbach,13244,5/8/97,Western Sydney Wanderers FC,2902,AUS - A-League,61,2024/2025,95,Full Back,93.18,25.56,26.52,6,0,10676.17,114.57,1508.83,643.17,58,168.83,11,812,69,110,6.83,94.67,16.5,5.33,0.71,2.5,1.39,28.1,28.18,3516.5,137.59,570.17,255.17,24.33,82.17,5.33,337.33,29.67,34.67,2.17,26.67,4,1.67,0.67,3958.83,149.28,746.17,330.83,27.83,72.5,4,403.33,31.83,47.5,2,35,5.5,1.67,1
Bozhidar Kraev,B. Kraev,13542,6/23/97,Western Sydney Wanderers FC,2902,AUS - A-League,61,2024/2025,95,Wide Attacker,88.51,24.89,24.46,23,0,10587.48,119.61,1690.61,672.78,59.91,186.52,10.3,859.3,70.22,114.87,6.43,98.17,17.17,4.3,0.66,0.87,1.5,28.48,29.92,3757.26,150.95,694.7,335.48,29.78,120.91,5.65,456.39,35.43,43.48,2.39,29.48,4.39,1.7,0.22,3802.22,155.43,846.91,295,24.35,50.48,3,345.48,27.35,42.83,2.13,34.04,5.87,1.3,0.17
Marcus Antonsson,M. Antonsson,13567,5/8/91,Western Sydney Wanderers FC,2902,AUS - A-League,61,2024/2025,95,Center Forward,71.74,22.61,20.18,3,0,8417,117.33,936,467,45,189.33,8.67,656.33,53.67,81.33,4.67,68.33,11,3,,0.33,,30.57,30.57,3294.33,145.7,466,220.67,22.67,126,4.33,346.67,27,33.67,1.67,23,4.33,1,0,2976.67,147.48,386.33,206.33,17,48,2.67,254.33,19.67,27.33,1.33,22,3.67,1,0.33
Louis Verstraete,L. Verstraete,14736,5/4/99,Auckland FC,4177,AUS - A-League,61,2024/2025,95,Midfield,93.19,22.91,23.93,21,0,11724.86,125.81,2220.71,618.48,50.19,90.24,5.81,708.71,56,106.81,3.24,90.62,11.43,1.52,0.8,0.24,1.91,26.57,27.8,3813.1,166.42,851.81,161.1,13.9,18.29,1,179.38,14.9,33.57,0.9,24.38,2.57,0.38,0,4321,180.57,1160.86,406.62,31.86,66.86,3.33,473.48,35.19,42.76,1.05,32,4.48,0.38,0.14
Patryk Klimala,P. Klimala,17231,8/5/98,Sydney Football Club,869,AUS - A-League,61,2024/2025,95,Center Forward,87.63,27.31,18.96,19,0,8423.26,96.13,912.37,497.89,55.26,236.05,12.58,733.95,67.84,92.79,9.68,75.58,18.89,7.16,0.58,2.37,1.11,30.84,32.58,3139.79,114.97,397.16,216.32,26.58,134.79,6.05,351.11,32.63,40.84,3.21,26.74,5.95,2.58,1.26,2631.05,138.78,414.79,244.42,24.11,87.74,5.05,332.16,29.16,26.11,2.37,21.37,4.95,1.68,0.32
Joe Lolley,J. Lolley,18573,8/25/92,Sydney Football Club,869,AUS - A-League,61,2024/2025,95,Center Forward,81.61,26.49,18.81,3,0,9141.67,112.02,1122,481.67,46.67,207.33,10.33,689,57,90.67,6.33,76.33,11.33,2.33,,1,,28.73,28.73,3570.67,134.77,558.67,279.67,28,140.33,6,420,34,45.33,3,28.67,4,1,0.33,2717,144.48,396,154.67,14.67,50.67,2.67,205.33,17.33,20.33,1.67,20.33,2.67,0,0
Joe Lolley,J. Lolley,18573,8/25/92,Sydney Football Club,869,AUS - A-League,61,2024/2025,95,Full Back,88.2,26.03,22.68,3,0,10256,116.28,1655,719,60,132.33,7.67,851.33,67.67,120.33,6.67,92,19.33,4.67,,1.33,,28.83,28.83,3532,135.67,631.33,310.67,27.67,80,4.67,390.67,32.33,44.67,2.33,29.67,5,1.33,0.67,3609.67,159.13,819,368.67,27.67,50.33,2.33,419,30,43,2,26.33,7,1.67,0.33
Joe Lolley,J. Lolley,18573,8/25/92,Sydney Football Club,869,AUS - A-League,61,2024/2025,95,Midfield,83.23,23.96,23.25,2,0,9905.5,119.01,1528.5,482.5,47,89.5,5,572,52,95,5.5,81,9,4,,0.5,,27.45,27.45,3327.5,138.89,632,220,23,36.5,2,256.5,25,37.5,2,28,2.5,1.5,0.5,3770,162.15,735,244,21.5,42,2,286,23.5,33.5,2,28,2.5,1,0
Joe Lolley,J. Lolley,18573,8/25/92,Sydney Football Club,869,AUS - A-League,61,2024/2025,95,Wide Attacker,93.84,28.99,20.62,15,0,10363.13,110.44,1583.8,614,57.2,165.27,9.27,779.27,66.47,109.4,7.2,87.47,14.53,4.47,0.76,0.93,1.38,28.31,30.2,3820.67,131.81,699.73,313.13,30.53,100.07,5.2,413.2,35.73,49.33,3.33,31.2,5.27,2.13,0.53,3254.93,157.88,701.6,254.67,21.47,50.73,2.6,305.4,24.07,31.13,1.67,23.67,3.4,0.87,0.13
Ben Folami,B. Folami,18811,6/8/99,Adelaide United Football Club,866,AUS - A-League,61,2024/2025,95,Midfield,70.33,20.93,19.15,1,0,7377,104.89,856,494,44,143,10,637,54,86,7,76,15,5,,1,,28,28,2619,125.11,407,290,23,74,5,364,28,31,2,20,4,1,0,2574,134.41,364,169,16,55,3,224,19,33,2,29,5,2,0
Ben Folami,B. Folami,18811,6/8/99,Adelaide United Football Club,866,AUS - A-League,61,2024/2025,95,Wide Attacker,74.65,23.03,19.99,10,0,8085.8,108.31,1089.9,521.6,53.3,213.2,10.3,734.8,63.6,94.2,6.9,75.1,16.4,5.1,0.71,1.5,1.43,29.19,30.28,3110.7,135.09,528.9,301.3,29.2,145.2,6,446.5,35.2,39.7,3,25.5,4.6,2,0.9,2697.2,134.93,456.8,185.4,19.2,55.7,2.5,241.1,21.7,31.6,1.9,23.3,5.5,1.3,0.2
Ryan Edmondson,R. Edmondson,18851,5/20/01,Central Coast Mariners Football Club,870,AUS - A-League,61,2024/2025,95,Center Forward,73.07,21.16,24.37,5,0,8326,113.95,977.6,441,47.4,193.4,9,634.4,56.4,92.4,5.6,76.2,14.2,4.6,0.73,1.4,1.78,29.88,29.88,2668.4,126.09,361.6,176,20.4,107.4,5.2,283.4,25.6,31.4,2,20.4,3.4,1.2,0.4,3580.2,146.93,533.4,234.2,23.4,63.8,2.8,298,26.2,41.2,1.6,35.6,5.8,1.2,0.2
Brandon Borrello,B. Borrello,19052,7/25/95,Western Sydney Wanderers FC,2902,AUS - A-League,61,2024/2025,95,Center Forward,92.77,25.8,25.62,24,0,10760.92,116,1417.12,682.75,67.04,290.08,15.62,972.83,82.67,106.67,9.88,87.96,16.21,7.62,0.57,2.33,1.16,30.16,31.36,3881.25,150.43,667.96,379.75,35.96,171.17,8.67,550.92,44.62,44.42,3.71,28.88,5.04,2.92,1.08,3719,145.15,591.38,240.58,24.79,93.96,4.75,334.54,29.54,32.88,2.38,27.92,4.21,1.75,0.38
Yonatan Cohen,Y. Cohen,22937,6/29/96,Melbourne City FC,2380,AUS - A-League,61,2024/2025,95,Wide Attacker,86.45,26.14,21.65,13,0,9704.31,112.25,1346.85,617.08,58.31,190.46,10.92,807.54,69.23,101.46,6.15,76.08,19,4.69,0.73,2.08,1.36,28.21,29,3491.46,133.55,574.38,307.38,28.23,110,5.69,417.38,33.92,40.23,2.46,25.92,5.46,1.85,0.54,3265.62,150.83,626.23,253.77,23.85,63.92,3.15,317.69,27,32.62,1.92,21.85,5.69,1.31,0.62
Luis Felipe Gallegos Leiva,F. Gallegos,23418,12/3/91,Auckland FC,4177,AUS - A-League,61,2024/2025,95,Midfield,87.19,20.92,24.01,22,0,11140.27,127.77,2210.45,815.86,63.36,155.18,8.95,971.05,72.32,105.14,3.27,92.77,10.05,1.95,0.75,0.45,1.39,27.35,29.34,3492.41,166.95,808.64,233.09,19.45,54.86,2.86,287.95,22.32,30,1,23.91,2.18,0.32,0,4424.36,184.27,1205.18,525,38.23,92.05,4.64,617.05,42.86,45.73,1,34.55,4.14,0.59,0.18
James Donachie,J. Donachie,23883,5/14/93,Western United,1803,AUS - A-League,61,2024/2025,95,Central Defender,93.03,23.84,29.61,5,0,10699.2,115,1389,446.6,46.8,143,9,589.6,55.8,105.6,4,87.2,8.6,2.6,0.8,1.2,,29.2,29.2,3246.6,136.18,461.2,64.8,7.8,24,1.6,88.8,9.4,26.4,0.6,21.6,2,0.2,0,4532,153.06,746,338.8,32.2,105.2,6.2,444,38.4,49,2,37.6,3.8,1,0.4
Jason Geria,J. Geria,23884,5/10/93,Melbourne Victory Football Club,868,AUS - A-League,61,2024/2025,95,Full Back,97.54,27.59,26.1,12,0,10688,109.57,1428.33,598.58,63.25,268.08,14.25,866.67,77.5,123.75,8.67,103.92,22.5,6.67,0.62,3.75,1.22,30.5,31.66,3592.75,130.23,547.83,182.83,19.17,83.92,4.33,266.75,23.5,35.33,2.08,28.42,5.5,1.33,0.83,3858.75,147.84,703.75,358.25,36.92,151.33,8.25,509.58,45.17,52.25,3.17,37.17,7,2.58,1.5
Brandon O'Neill,B. O'Neill,23892,4/12/94,Perth Glory Football Club,871,AUS - A-League,61,2024/2025,95,Midfield,77.44,19.09,27.46,5,0,10047.2,129.74,1953.8,506.8,38.4,48,2.6,554.8,41,98.8,3.8,89.2,9.8,2,0.81,0.6,,25.5,25.5,2902.6,152.07,592.6,120.8,11,11,0.4,131.8,11.4,32.6,1.2,23.2,2.2,0.8,0.2,4741,172.65,1236,362.6,24.8,32.6,1,395.2,25.8,43.4,1.2,36.6,3.4,0.6,0
Kosta Barbarouses,K. Barbarouses,23909,2/19/90,Wellington Phoenix FC,867,AUS - A-League,61,2024/2025,95,Center Forward,96.47,25.36,30.19,25,0,10510.96,108.95,1348.32,700.2,72.96,297.68,17.08,997.88,90.04,116.8,10.96,95.76,21.8,8.32,0.66,2.96,1.16,29.75,30.98,3468.84,136.76,560.08,341.36,36,184.96,9.44,526.32,45.44,43.96,3.48,27.36,5.28,2.44,1.24,4115.32,136.33,632.32,298.04,30.28,92.52,5.76,390.56,36.04,42.52,3.04,37.44,8.04,2.36,0.48
Kosta Barbarouses,K. Barbarouses,23909,2/19/90,Wellington Phoenix FC,867,AUS - A-League,61,2024/2025,95,Wide Attacker,100.85,25.88,23.78,1,0,10605,105.16,1380,648,79,394,21,1042,100,119,13,95,25,10,,4,,30.3,30.3,3640,140.63,628,356,42,274,13,630,55,45,3,28,6,3,2,3217,135.26,525,232,29,89,4,321,33,34,2,25,9,1,0
Ben Garuccio,B. Garuccio,23922,6/15/95,Western United,1803,AUS - A-League,61,2024/2025,95,Full Back,94.39,27.87,26.37,17,0,11211.59,118.78,1790.47,800.35,70.59,233.53,13.59,1033.88,84.18,121.71,7.53,102.06,21.29,5.47,0.61,2.06,1.33,28.84,30.4,3918.65,140.62,720.53,297.59,25.59,88.76,4.47,386.35,30.06,37,2.47,29.71,5.12,1.88,0.59,4101.18,155.52,827.35,431.24,37.24,124.53,6.82,555.76,44.06,51.18,2.76,34.41,7.71,1.76,0.82
Ryan Kitto,R. Kitto,23925,8/9/94,Adelaide United Football Club,866,AUS - A-League,61,2024/2025,95,Full Back,98.29,28.36,26.44,18,0,10697.78,108.84,1434.17,580,58.61,214.94,12.22,794.94,70.83,117.06,7.83,101.61,20.11,5.44,0.62,1.78,1.33,28.84,30.06,3724.39,131.3,544.33,213.17,22.17,92.5,4.44,305.67,26.61,37.72,2.61,29.89,4.72,1.72,0.56,3839.72,145.24,703.56,314.5,29.72,104.94,5.44,419.44,35.17,48.56,2.67,35.33,7.39,2.06,0.67
Ryan Kitto,R. Kitto,23925,8/9/94,Adelaide United Football Club,866,AUS - A-League,61,2024/2025,95,Wide Attacker,84.88,23.48,25.1,2,0,9989.5,117.7,1444.5,764.5,70,270,15,1034.5,85,105.5,6.5,90.5,21,5.5,,1.5,,28.5,28.5,3293,140.28,532,305.5,27,126.5,6.5,432,33.5,32,2.5,20.5,4.5,2.5,0.5,3890.5,155,783.5,403,36,111.5,7,514.5,43,45,2,34.5,10,1.5,0
Nikola Mileusnić,N. Mileusnić,23926,7/17/93,Perth Glory Football Club,871,AUS - A-League,61,2024/2025,95,Center Forward,61.63,16.03,22.93,1,0,7980,129.48,1315,621,54,219,13,840,67,92,9,72,22,8,,2,,29.5,29.5,2608,162.66,428,414,28,136,9,550,37,32,3,16,5,3,1,3712,161.86,819,180,23,76,3,256,26,42,3,36,9,2,1
Nikola Mileusnić,N. Mileusnić,23926,7/17/93,Perth Glory Football Club,871,AUS - A-League,61,2024/2025,95,Wide Attacker,73.6,19.06,24.03,7,0,8969.86,121.87,1416.86,672,66.43,269.43,13.57,941.43,80,104.86,9,81,22,6.86,0.66,2.43,1.28,30.91,31.44,2818.43,147.86,522.71,295.71,30.43,154,7,449.71,37.43,37.86,2.57,21.57,6,1.71,1,3773.86,157.06,782.57,336.71,29.29,94.86,4.43,431.57,33.71,41.86,2.86,31.29,7.14,2.29,0.57
Storm  Roux,S. Roux,23930,1/13/93,Central Coast Mariners Football Club,870,AUS - A-League,61,2024/2025,95,Full Back,91.32,25.98,27.2,14,0,9746.36,106.73,1319.07,561.93,53.07,181.21,9.79,743.14,62.86,113.36,7.36,96,19.5,4.71,0.7,1.43,1.33,28.4,29.38,3236.43,124.56,502.36,196.43,18,72.86,3.64,269.29,21.64,36.71,1.86,28.79,4.71,1.07,0.36,3808.71,140.02,648.79,311.14,27.93,92.64,4.43,403.79,32.36,48.36,2.57,33.64,6.5,1.5,0.36
Anas Ouahim,A. Ouahim,25534,9/23/97,Sydney Football Club,869,AUS - A-League,61,2024/2025,95,Midfield,84.98,24.97,19.53,12,0,10387.17,122.24,1844.92,595.17,49.25,94,6.08,689.17,55.33,103.25,4.5,84.67,11.83,3.25,0.79,0.67,1.61,26.72,27.5,3724.83,149.17,681.67,262.25,21.67,51.5,3,313.75,24.67,41.75,1.83,28.33,3.42,1.08,0.17,3563.83,182.46,977.67,302.92,23.92,36.58,1.58,339.5,25.5,33.33,1.25,25.83,3.17,0.92,0.17
Anas Ouahim,A. Ouahim,25534,9/23/97,Sydney Football Club,869,AUS - A-League,61,2024/2025,95,Wide Attacker,73.61,25.7,14.17,3,0,8978.33,121.98,1435.33,493.67,44,86.67,6.33,580.33,50.33,85.67,3.67,68.67,15.33,1,,0,,27.63,27.63,3753,146.03,633.33,234.33,21.67,35.33,2.67,269.67,24.33,43,1.33,32,5,0,0,2602.67,183.65,672.33,233.67,20.33,44.67,2.67,278.33,23,23.33,1.33,14.67,3.67,0.33,0
Andreas  Kuen,A. Kuen,26095,3/24/95,Melbourne City FC,2380,AUS - A-League,61,2024/2025,95,Center Forward,83.16,25.04,19.25,10,0,10102.7,121.49,1707.5,623.8,53.2,125.8,7.4,749.6,60.6,104.7,5.1,85.3,11,3.6,0.7,1.1,1.34,27.69,28.78,3826.9,152.82,735.7,269.3,23.4,63.3,3.1,332.6,26.5,43.3,1.9,29,3.2,1.2,0.3,3332,173.09,818.7,318.3,25,55.8,2.9,374.1,27.9,31.4,1.7,26.1,3.3,1.1,0.6
Andreas  Kuen,A. Kuen,26095,3/24/95,Melbourne City FC,2380,AUS - A-League,61,2024/2025,95,Midfield,81.7,26.97,21.21,8,0,10480.5,128.28,1849.5,647.62,58.12,133.38,9.12,781,67.25,105.38,4.5,91.75,9.88,2.88,0.71,0.5,1.61,27.09,27.58,4144.62,153.67,770.62,285.75,24.88,63.62,3.88,349.38,28.75,41.5,1.75,32.88,3.38,0.88,0.12,3675.38,173.25,913.75,329.62,28.12,57.75,3.25,387.38,31.38,35.88,1.62,26.75,3.25,1.12,0.38
Andreas  Kuen,A. Kuen,26095,3/24/95,Melbourne City FC,2380,AUS - A-League,61,2024/2025,95,Wide Attacker,86.18,28.9,21.05,1,0,10161,117.9,1528,621,58,219,9,840,67,120,6,101,16,6,,2,,29.4,29.4,4144,143.39,678,278,25,98,3,376,28,50,2,32,5,2,1,3319,157.67,737,312,30,112,4,424,34,39,2,29,6,2,1
James Jeggo,J. Jeggo,26105,2/12/92,Melbourne City FC,2380,AUS - A-League,61,2024/2025,95,Midfield,80.43,24.3,20.33,3,0,10025.33,124.64,2095.67,370,31,33,2,403,33,88,2.33,82.33,6.67,2,0.91,0.33,,25.33,25.33,3713.67,152.83,754.33,66.67,6.33,2,0,68.67,6.33,25,0,23,1.33,0,0,3744.33,184.2,1184.67,292,22.33,30.33,0.67,322.33,23,39,0.67,31.67,3.33,0.67,0
Bart Vriends,B. Vriends,26766,5/9/91,Adelaide United Football Club,866,AUS - A-League,61,2024/2025,95,Central Defender,98.78,27.62,26.58,23,1,10900.65,110.36,1546,447.96,39.39,98.96,5.96,546.91,45.35,117.61,5.04,90.09,12.35,3.13,0.67,0.57,1.39,27.6,29.28,3834.43,138.8,635.17,121.78,11.96,19.48,1.09,141.26,13.04,39,1.39,27.83,3,0.91,0.04,3894.22,146.48,694.52,281.3,23.04,70.74,3.35,352.04,26.39,45.96,1.96,32.43,3.57,0.87,0.22
Riku Danzaki,R. Danzaki,26844,5/31/00,Western United,1803,AUS - A-League,61,2024/2025,95,Wide Attacker,82.14,23.07,24.33,26,0,9476.46,115.37,1401.42,651.08,64.15,229.69,12.96,880.77,77.12,105.08,8.77,89.15,19.62,6.46,0.59,1.58,1.24,29.58,32.02,3154.58,136.75,543.35,289.69,27.96,119.15,6.23,408.85,34.19,39.62,3.08,26.88,4.69,2.35,0.62,3639.23,149.58,717.19,318.88,30.19,99.5,5.08,418.38,35.27,38.04,2.77,30.92,7,2,0.54
Yuto Misao,Y. Misao,26920,4/16/91,Perth Glory Football Club,871,AUS - A-League,61,2024/2025,95,Full Back,94.08,25.38,29.62,8,0,10776.12,114.55,1516.75,645.25,60.62,219.38,12.25,864.62,72.88,117.25,6.25,101.5,16.62,4.75,0.73,1.25,1.38,28,28.42,3591.88,141.51,580.38,244.5,23,91.12,4.25,335.62,27.25,38.88,2.25,29.5,4,1.62,0.5,4325.88,146.04,794.75,370.38,32.5,111.38,6,481.75,38.5,49.62,2.38,36.75,6.25,1.75,0.38
Hideki Ishige,H. Ishige,26969,9/21/94,Wellington Phoenix FC,867,AUS - A-League,61,2024/2025,95,Center Forward,82.64,23.75,25.99,8,0,10035.75,121.44,1553.25,658.62,55.38,157.12,9.62,815.75,65,102,6.12,88.38,12.5,4,0.67,0.38,,27.71,28.1,3648.5,153.63,703.88,331.38,26,90.75,5,422.12,31,39.38,1.75,28.12,3.75,1.12,0.12,3879.38,149.27,709.12,276.25,25.12,54.88,3.38,331.12,28.5,38.25,2,34.25,4.38,1.25,0
Hideki Ishige,H. Ishige,26969,9/21/94,Wellington Phoenix FC,867,AUS - A-League,61,2024/2025,95,Midfield,85.92,16.28,28.55,1,0,9754,113.53,1420,534,50,104,6,638,56,89,5,79,13,3,,1,,27.1,27.1,2418,148.5,456,245,20,45,3,290,23,30,1,16,4,1,0,4178,146.34,775,236,25,57,2,293,27,34,2,30,3,1,0
Hideki Ishige,H. Ishige,26969,9/21/94,Wellington Phoenix FC,867,AUS - A-League,61,2024/2025,95,Wide Attacker,87,24.13,27.69,12,0,10276.08,118.12,1597.58,648.25,54.08,129.67,7.75,777.92,61.83,110.92,6.92,95.42,15.75,4.92,0.72,1.17,1.52,27.38,28.72,3467.67,143.68,629.58,282.25,24.17,76.17,4.08,358.42,28.25,40.83,2,28,3.33,1.42,0.33,4103.5,148.18,829,325.08,27.08,47.17,2.33,372.25,29.42,45.75,2.67,38.42,6.33,1.75,0.33
Takuya Okamoto,T. Okamoto,26981,6/18/92,Perth Glory Football Club,871,AUS - A-League,61,2024/2025,95,Central Defender,97.02,26.65,28.88,1,0,10670,109.98,1294,482,44,70,4,552,48,123,4,96,10,3,,1,,27.3,27.3,3499,131.29,431,99,10,7,1,106,11,27,2,22,2,0,0,4317,149.46,706,326,27,60,2,386,29,60,2,38,4,2,1
Takuya Okamoto,T. Okamoto,26981,6/18/92,Perth Glory Football Club,871,AUS - A-League,61,2024/2025,95,Full Back,87.08,21.69,29.83,3,0,9709,111.49,1337.67,611.33,53,149.67,9.33,761,62.33,117,9.33,104,20.67,5.67,0.81,1,,28.57,28.57,2896,133.49,419.33,201,20.67,78.33,3.67,279.33,24.33,34.33,3.33,26.67,3.33,2.33,0.33,4210.67,141.17,764,350,26.67,52.33,3.67,402.33,30.33,54,3.33,40.33,8.67,2,0.33
Hiroshi Ibusuki,H. Ibusuki,26994,2/27/91,Western United,1803,AUS - A-League,61,2024/2025,95,Center Forward,87.21,24.74,25.83,24,0,9789.67,112.25,1229.04,444.33,37.54,47.88,3.38,492.21,40.92,94.46,5.62,81.83,10.25,3.04,0.7,0.12,,25.73,26.96,3312.33,133.87,541.54,220.71,17.5,28.92,1.5,249.62,19,37,1.88,23.96,3.46,0.58,0,3739.12,144.73,571.17,203.58,17.75,16.46,0.79,220.04,18.54,32.25,1.75,31.21,3.21,0.92,0.04
Kazuki Nagasawa,K. Nagasawa,27003,12/16/91,Wellington Phoenix FC,867,AUS - A-League,61,2024/2025,95,Center Forward,79.27,21.79,23.98,3,0,9766,123.2,1655.67,492,43.33,120.33,6,612.33,49.33,94,4,80.67,8.33,2.67,0.83,0.67,,27.27,27.27,3556.67,163.23,757.33,286.67,24.33,87.33,3.33,374,27.67,42,1.67,25.33,2.67,1.33,0.33,3672.33,153.16,756.67,160.33,16,28.33,1.67,188.67,17.67,32.33,2,29,3,1.33,0
Kazuki Nagasawa,K. Nagasawa,27003,12/16/91,Wellington Phoenix FC,867,AUS - A-League,61,2024/2025,95,Midfield,83.54,23.92,27.02,11,0,10061.36,120.44,1631.18,458.45,36.64,80.36,4,538.82,40.64,97.82,3.18,84.45,8.82,1.64,0.69,0.27,,26.1,27.74,3663.55,153.19,755.91,218,15.91,39.45,1.55,257.45,17.45,37,1,27.36,2.73,0.27,0,4040.91,149.55,767.91,219.91,18.73,33.64,1.64,253.55,20.36,43.64,0.91,35.18,3.18,0.55,0
Kazuki Nagasawa,K. Nagasawa,27003,12/16/91,Wellington Phoenix FC,867,AUS - A-League,61,2024/2025,95,Wide Attacker,62.67,12.95,24.55,1,0,7776,124.09,1105,464,43,208,11,672,54,79,6,61,12,5,,2,,27.9,27.9,2034,157.07,346,248,24,154,8,402,32,24,1,12,2,1,0,3685,150.1,670,162,15,33,1,195,16,35,2,30,5,2,0
Leonardo de Souza Sena,Léo Sena,28293,12/31/95,Sydney Football Club,869,AUS - A-League,61,2024/2025,95,Midfield,93.19,29.1,19.89,18,0,10292.67,110.45,1508.33,371.11,30.33,45.33,2.61,416.44,32.94,95.11,4.22,79.72,10.56,2.44,0.69,0.44,1.66,25.83,27.46,3934.39,135.21,600.11,124.17,11.22,13.83,0.44,138,11.67,39.67,1.78,31.11,2.78,0.94,0.17,3332.89,167.59,791.33,234.06,17.22,28.61,0.94,262.67,18.17,32.78,1.22,22.72,3.28,0.44,0.17
Nikolaos Vergos,N. Vergos,29075,1/13/96,Melbourne Victory Football Club,868,AUS - A-League,61,2024/2025,95,Center Forward,77.21,22.13,18.86,19,0,8524.11,110.41,1148.05,477.89,48.11,142.26,8.95,620.16,57.05,90.68,6.63,74.95,14.53,4.79,0.64,1.26,1.38,28.22,29.82,3040.32,137.37,508.68,241.63,23.21,88.79,4.84,330.42,28.05,35.05,2.21,23.95,4.26,1.42,0.42,2814.63,149.21,514.16,200.89,19.58,44.21,3,245.11,22.58,27.47,1.89,22.05,3.79,1.42,0.37
Alfie McCalmont,A. McCalmont,29856,3/25/00,Central Coast Mariners Football Club,870,AUS - A-League,61,2024/2025,95,Midfield,98.09,26.66,29.9,18,0,11567.06,117.92,1928.44,463.39,38.72,58.28,3.72,521.67,42.44,120.5,3.28,110.22,14.06,1.61,0.75,0.22,1.77,25.91,27.18,3785.72,141.98,723.72,126.78,11.22,13.44,0.67,140.22,11.89,37.67,0.78,31.56,3.28,0.17,0,4828.33,161.48,1070.89,316.33,25.22,41,1.67,357.33,26.89,55.17,1.06,44.17,5.83,0.61,0.06
Tommy Smith,T. Smith,31147,3/31/90,Auckland FC,4177,AUS - A-League,61,2024/2025,95,Central Defender,99.48,24.15,26.34,12,0,9683.08,97.33,1055.08,368.75,33,103.83,5.5,472.58,38.5,105.67,4.92,84.67,11.08,3,0.7,0.58,1.73,28.15,29.34,2873.75,119,315,56.58,6.17,16.08,0.75,72.67,6.92,25.17,1.17,20.67,2.17,0.42,0,3626.42,137.65,562.25,266.5,22.92,79.5,3.25,346,26.17,47.17,2,32.75,3.42,1.33,0.25
Wellissol Santos de Oliveira,Wellissol,33001,2/16/98,Newcastle United Jets FC,1805,AUS - A-League,61,2024/2025,95,Center Forward,63.38,18.49,20.91,2,0,7341.5,115.84,1130.5,491.5,53.5,173.5,10.5,665,64,84.5,11.5,70,15.5,8.5,,2,,29.8,29.8,2537.5,137.22,448.5,251,24.5,107.5,6.5,358.5,31,30.5,3.5,22,4,2,1,3012,144.06,588,224.5,25,32,2.5,256.5,27.5,31.5,4,26.5,4.5,3.5,0.5
Gabriel Cléùr,G. Cléùr,33430,1/31/98,Western Sydney Wanderers FC,2902,AUS - A-League,61,2024/2025,95,Full Back,91.24,24.91,25.77,20,0,10631.9,116.53,1551.45,688.4,63.45,200.35,12.1,888.75,75.55,112.5,8.05,97.75,18.85,5.25,0.65,1.35,1.37,28.58,29.96,3559.95,142.9,597.05,276.3,26.25,97.35,5.1,373.65,31.35,35.6,2.85,28.15,4.75,1.85,0.6,3964.6,153.86,752.65,348.85,30.75,88.55,5.05,437.4,35.8,45.5,2.35,32.8,5.8,1.35,0.35
Nando Pijnaker,N. Pijnaker,33697,2/25/99,Auckland FC,4177,AUS - A-League,61,2024/2025,95,Central Defender,97.29,23.5,25.57,26,0,9859.65,101.34,1096.46,395.5,35.92,106.58,6.19,502.08,42.12,101,4.58,82.5,9.04,3.35,0.66,1.38,1.43,28.08,30.08,2931.88,124.76,336.5,78.15,8.12,23.54,1.15,101.69,9.27,24.04,1.12,20.73,1.88,0.38,0.15,3619.58,141.56,589,273.92,23.42,72.92,3.62,346.85,27.04,44.88,1.92,31.04,3.31,1.5,0.69
Antonio Mikael Rodrigues Brito,Mikael Doka,34423,1/24/00,Central Coast Mariners Football Club,870,AUS - A-League,61,2024/2025,95,Center Forward,96.55,28.09,26.14,7,0,10632.71,110.13,1360,495.14,48.86,207.43,9.43,702.57,58.29,94.43,5.29,81.14,9.57,4.14,0.72,2,1.43,29.3,30.34,3840.86,136.72,608.29,260.29,26.29,117.14,4.71,377.43,31,42.14,2.14,28.29,3.43,1.29,0.71,3771.29,144.3,646.29,209.43,20.29,81.29,3.43,290.71,23.71,33.57,1.86,29.71,2.71,1.14,0.43
Antonio Mikael Rodrigues Brito,Mikael Doka,34423,1/24/00,Central Coast Mariners Football Club,870,AUS - A-League,61,2024/2025,95,Full Back,96.04,24.03,31.96,5,0,10410.6,108.4,1337.6,536.4,48.6,136,8.2,672.4,56.8,108.2,6.2,102,12.8,4.8,0.68,1.2,1.5,28.52,28.52,3191.2,132.8,507.2,260.8,21.6,65.8,4,326.6,25.6,32,2.4,25.8,3.6,2,0.6,4362.2,136.49,700.8,244.2,22.6,50.4,3,294.6,25.6,49.6,2.4,43.4,4.8,1,0.2
Antonio Mikael Rodrigues Brito,Mikael Doka,34423,1/24/00,Central Coast Mariners Football Club,870,AUS - A-League,61,2024/2025,95,Midfield,98.55,39.42,19.1,1,0,10993,111.55,1519,586,53,229,12,815,65,109,8,93,17,5,,1,,29.8,29.8,5273,133.78,843,360,34,157,8,517,42,53,5,40,6,3,1,2777,145.39,550,212,18,62,2,274,20,33,3,23,4,2,0
Antonio Mikael Rodrigues Brito,Mikael Doka,34423,1/24/00,Central Coast Mariners Football Club,870,AUS - A-League,61,2024/2025,95,Wide Attacker,98.67,28.14,30.44,12,0,11292.5,114.45,1516.83,627.25,61.67,229.83,11.42,857.08,73.08,110.83,6.42,92.92,15.33,5,0.65,1.5,1.31,29.54,30.94,3860.58,137.2,608.42,301.75,30.08,131.5,5.75,433.25,35.83,43.58,2.5,28.58,4,1.83,0.75,4429.17,145.48,761.92,281.17,26.42,82.33,3.75,363.5,30.17,43.17,2.25,36.42,5.67,1.42,0.25
Asumah Abubakar-Ankra,Asumah Abubakar,37087,5/10/97,Brisbane Roar FC,1802,AUS - A-League,61,2024/2025,95,Center Forward,89.5,25.25,25.11,8,0,10093.25,112.77,1151.5,485.38,51.62,184,9.25,669.38,60.88,98.12,5.38,85.12,10.38,4.75,0.68,1,1.3,29.96,31.12,3524.5,139.57,480.75,232.25,25.88,126,5.5,358.25,31.38,36.88,2.25,26.38,4.25,1.88,0.38,3587.62,142.85,556.5,214.12,20.75,37.5,2.5,251.62,23.25,33,1.88,29,2.38,1.5,0.5
Luis David Cangá Sánchez,L. Cangá,38222,6/15/95,Perth Glory Football Club,871,AUS - A-League,61,2024/2025,95,Central Defender,97.38,20.75,35.28,6,0,9619.17,98.78,990,347.5,35.33,108.83,6.17,456.33,41.5,102.17,4.83,88.5,11.83,2.83,0.82,1,,28.62,28.8,2431.17,117.15,228.83,36.5,4,6.17,0,42.67,4,22.83,1.67,18.33,1.67,0.33,0,4614.67,130.79,651.17,283.33,27.17,98,5,381.33,32.17,53.17,2,41.83,4,1.5,0.33
Guillermo Luis May Bartesaghi,G. May,38673,3/11/98,Auckland FC,4177,AUS - A-League,61,2024/2025,95,Center Forward,94.62,23.43,24.63,28,0,10463.75,110.58,1706.96,746.68,66.79,184.75,11.36,931.43,78.14,121.93,10.68,99.79,25.82,7.25,0.7,1.36,1.42,27.8,28.98,3494.29,149.15,752.68,356.5,31.75,97.46,5.39,453.96,37.14,46.14,2.96,30.07,6.71,2.04,0.46,3716.36,150.91,770.25,332.25,28.86,70.82,4.43,403.07,33.29,36.71,2.61,31.79,8.32,1.75,0.29
Scott Wootton,S. Wootton,42510,9/12/91,Wellington Phoenix FC,867,AUS - A-League,61,2024/2025,95,Central Defender,97.9,25.61,30.54,25,0,9548.36,97.53,1028.08,260.6,21.6,46.68,2.28,307.28,23.88,100.28,3.68,82.56,6.6,1.76,0.69,0.2,1.81,26.59,29.36,2915.4,113.83,308.4,42,3.36,7.32,0.04,49.32,3.4,25.76,0.6,21.08,1.64,0.32,0.04,3941.48,129.05,565.2,190.4,15.52,35.2,1.12,225.6,16.64,49.92,1.56,37.68,2.68,0.76,0.08
Zach Clough,Z. Clough,42513,3/8/95,Adelaide United Football Club,866,AUS - A-League,61,2024/2025,95,Midfield,84.53,23.97,21.79,3,0,10416.33,123.22,1607.33,621,48,154,7.67,775,55.67,92,2.67,80.67,6.67,2,0.79,0,,28.57,28.57,3900.33,162.74,784.67,392.33,28,98,5,490.33,33,34.67,1,24.33,2,0.67,0,3538,162.33,671.67,191.67,16,41.67,2,233.33,18,30,0.67,28.67,1.33,0.33,0
Zach Clough,Z. Clough,42513,3/8/95,Adelaide United Football Club,866,AUS - A-League,61,2024/2025,95,Wide Attacker,84.03,25.02,23.4,19,1,10329.05,122.93,1572.05,578.05,52.74,171.74,9.32,749.79,62.05,92.63,3.84,79.37,9.32,2.68,0.59,0.63,1.3,28.72,29.88,3797.11,151.75,689.63,288.11,25.37,91.84,4.47,379.95,29.84,37.53,1.53,25.26,3,1,0.26,3743,159.95,750.47,253.63,23.16,64.84,3.11,318.47,26.26,33.53,1.21,29.32,2.95,0.58,0
Neyder Stiven Moreno Betancur,N. Moreno,43829,2/9/97,Auckland FC,4177,AUS - A-League,61,2024/2025,95,Wide Attacker,72.26,18.14,18.7,7,0,8505.86,117.71,1388.29,650.14,58.14,193.57,11.71,843.71,69.86,96.71,6.86,78.14,15,5.43,0.73,1.86,1.45,28.8,29.22,2677.29,147.59,547.43,260,23.14,84.71,4.14,344.71,27.29,33.29,2,21.57,3.71,1.57,0.57,3014.14,161.23,670.71,331.71,28.43,97.29,6,429,34.43,34,2.14,24.57,5,1.29,0.43
Jay Barnett,J. Barnett,50949,2/14/01,Adelaide United Football Club,866,AUS - A-League,61,2024/2025,95,Midfield,91.71,27.16,24.98,19,1,11635.89,126.87,1830.16,522.89,42.74,101.95,5.05,624.84,47.79,119.11,3.21,103.32,11.47,1.89,0.61,0.32,1.59,27.03,28.36,4204,154.76,631.63,87.05,8.89,16.32,0.58,103.37,9.47,37.47,0.84,32,2.26,0.42,0.11,4421.84,176.99,1044.11,399.42,30.21,81.05,3.32,480.47,33.53,50.68,0.89,37.47,4.68,0.53,0.05
Jake Brimmer,J. Brimmer,50951,4/3/98,Auckland FC,4177,AUS - A-League,61,2024/2025,95,Center Forward,80.82,22.16,21.32,4,0,9667.75,119.62,1586,612.25,52,125.5,6.25,737.75,58.25,103.25,5.5,86.5,11,4,0.8,0.5,,27.65,27.65,3288,148.39,634.5,253,21.75,43.5,1.75,296.5,23.5,40.5,2,29.5,3.25,1.5,0,3493.5,163.82,793.25,316.25,26.25,70.25,2.5,386.5,28.75,32.25,1.25,28.5,3.5,0.75,0
Jake Brimmer,J. Brimmer,50951,4/3/98,Auckland FC,4177,AUS - A-League,61,2024/2025,95,Midfield,81.4,21.24,20.09,11,0,9606.91,118.02,1577.09,573.82,50.73,133.18,7.73,707,58.45,99.55,3.55,84,10.27,2.27,0.65,0.73,1.28,27.89,28.7,3230,152.08,633.82,206.82,17.73,48.27,2.73,255.09,20.45,34,1.18,25.82,2.45,0.91,0,3407.73,169.63,808.82,332.64,28.09,75.45,3.45,408.09,31.55,37.18,0.91,28.09,3.27,0.64,0.18
Nishan Velupillay,N. Velupillay,50955,5/7/01,Melbourne Victory Football Club,868,AUS - A-League,61,2024/2025,95,Wide Attacker,87.84,23.61,21.87,16,0,10084.31,114.8,1449.44,664,64.25,269.31,13.75,933.31,78,109.88,6.62,86.38,19.12,4.75,0.69,1.62,1.46,29.57,30.92,3538.62,149.85,648.38,345.31,32.12,172.31,7.56,517.62,39.69,42.69,2.81,26.5,4.75,2.06,0.88,3328.12,152.19,636.62,269.94,25.69,77.81,3.94,347.75,29.62,36.62,2,27.62,6.06,1.25,0.38
Stefan Mauk,S. Mauk,50959,10/12/95,Adelaide United Football Club,866,AUS - A-League,61,2024/2025,95,Center Forward,90.25,26.1,26.26,4,1,10864,120.37,1667,705.25,57.5,122.5,7.5,827.75,65,124.75,5,103.75,10.75,2.5,0.94,0.5,,27.25,27.25,3758,143.96,615.75,322.75,27.5,67,3.5,389.75,31,50.75,2,34.5,4.25,1,0.25,4313.25,164.26,908.75,345,26.25,49.5,2.75,394.5,29,47.5,2,38,3.75,1.25,0.25
Stefan Mauk,S. Mauk,50959,10/12/95,Adelaide United Football Club,866,AUS - A-League,61,2024/2025,95,Midfield,83.42,24.95,22.03,21,0,10044.24,120.41,1549.62,608.76,52.24,146.62,8,755.38,60.24,104.33,3.57,90.19,10.71,2.14,0.76,0.71,1.57,27.48,28.54,3636.29,145.72,611.1,274.05,22.14,68.19,3,342.24,25.14,37,1.05,27.1,2.86,0.57,0.14,3699.38,167.95,804.57,302.48,25.95,71.19,3.67,373.67,29.62,39.43,1.05,31.48,3.76,0.38,0.1
Jordan Elsey,J. Elsey,50963,3/2/94,Adelaide United Football Club,866,AUS - A-League,61,2024/2025,95,Central Defender,100.4,30.11,22.87,2,0,9962.5,99.23,1081,347.5,31,114.5,4,462,35,103,4,84.5,7,2,,0,,27.85,27.85,3513.5,116.7,352.5,60.5,5.5,8.5,0,69,5.5,27,2,23.5,2,0,0,3362,147.03,573,251.5,21.5,104.5,2.5,356,24,43,1.5,30.5,2,1,0
Ben Halloran,B. Halloran,50966,6/14/92,Brisbane Roar FC,1802,AUS - A-League,61,2024/2025,95,Center Forward,99.92,16.27,35.77,1,0,10922,109.31,1474,705,68,189,9,894,77,118,12,94,20,8,,2,,29.4,29.4,2614,160.7,506,275,32,130,6,405,38,31,1,18,3,1,0,4932,137.89,784,368,33,54,3,422,36,56,5,46,9,2,0
Ben Halloran,B. Halloran,50966,6/14/92,Brisbane Roar FC,1802,AUS - A-League,61,2024/2025,95,Wide Attacker,82.04,23.52,24.31,14,0,9535.57,116.23,1285.64,537.14,56.29,210,12,747.14,68.29,103.5,6.5,84.64,20.43,3.93,0.63,1.07,1.42,29.74,30.62,3220.93,136.92,490,227.5,24.07,104.64,5.14,332.14,29.21,36.5,2.43,24.07,4.71,1.64,0.57,3632.64,149.45,663.36,260.14,25.57,83.36,4.5,343.5,30.07,38.21,1.71,30.64,6.43,0.57,0
Yaya Dukuly,Y. Dukuly,50971,1/17/03,Adelaide United Football Club,866,AUS - A-League,61,2024/2025,95,Wide Attacker,81.18,23.54,19.95,4,1,8758.75,107.89,1182.75,549.75,58,252.75,12.5,802.5,70.5,110.25,9.75,84.75,23.25,7,0.69,2,1.31,30.52,30.52,3029.25,128.68,528.75,265.25,27,122.5,5,387.75,32,38.75,4.25,24.75,4.75,3.25,1,2884.25,144.6,500.5,239.75,26.25,110,5.25,349.75,31.5,36,2.75,26,8.75,1.75,0.5
Joe Caletti,J. Caletti,50973,9/14/98,Brisbane Roar FC,1802,AUS - A-League,61,2024/2025,95,Midfield,68.68,21.32,21.52,1,0,9111,132.65,1756,473,40,31,4,504,44,95,3,84,12,2,,0,,25.2,25.2,3296,154.62,575,115,9,13,2,128,11,24,0,25,2,0,0,3793,176.28,997,335,28,16,1,351,29,42,1,32,3,1,0
Joshua Rawlins,J. Rawlins,50977,4/23/04,Melbourne Victory Football Club,868,AUS - A-League,61,2024/2025,95,Central Defender,99.14,23.78,26.32,2,0,10213.5,103.02,1382,311.5,33,101.5,6,413,39,111,6,87.5,11,4,,2.5,,27.95,27.95,3144.5,132.21,504,59,7.5,22.5,1,81.5,8.5,30,1,23,2.5,0.5,0,3679,139.8,630,217,19,62.5,3.5,279.5,22.5,44.5,2,30.5,3.5,1.5,1
Joshua Rawlins,J. Rawlins,50977,4/23/04,Melbourne Victory Football Club,868,AUS - A-League,61,2024/2025,95,Full Back,99.73,26.38,23.16,12,0,10362.17,103.9,1274.17,591.92,58,220.33,11.33,812.25,69.33,107.25,5.92,88.08,18.75,4,0.69,0.75,1.43,29.42,30.78,3370.08,127.76,437.42,174.83,17.58,62.08,3,236.92,20.58,32.33,2.08,23.92,4.42,1.17,0.17,3479.5,150.26,669.5,360,32.92,138.92,6.92,498.92,39.83,44.08,2.42,28.5,6.25,1.42,0.42
Callum Timmins,C. Timmins,50978,12/23/99,Newcastle United Jets FC,1805,AUS - A-League,61,2024/2025,95,Midfield,95.13,28.69,27.17,22,1,12104.09,127.24,2201.23,581.45,46.18,74.5,4.5,655.95,50.68,117.05,3.45,103.86,11.32,1.91,0.65,0.23,1.67,26.27,28.66,4456.86,155.33,968.91,199.32,15.91,17.86,1,217.18,16.91,42.14,1.09,33.14,2.77,0.41,0,4573.59,168.31,1044.14,352.09,27.18,52.36,2.27,404.45,29.45,46.77,1.05,36.36,4.23,0.5,0.05
Bruno Fornaroli Mezza,B. Fornaroli,50979,9/7/87,Melbourne Victory Football Club,868,AUS - A-League,61,2024/2025,95,Center Forward,80.61,21.69,19.41,9,0,8593.11,106.6,1169.44,415.56,41.67,124.22,7.33,539.78,49,88.44,6.33,70.22,19,2.44,0.84,0,,28.03,28.9,2912.78,134.29,498.22,198.33,18.89,76.44,3.78,274.78,22.67,32.78,1.67,22.11,4.56,0.56,0,2933.44,151.14,545.44,190.56,18.44,42.22,2.22,232.78,20.67,26.56,1.67,22.11,5.11,0.67,0
Chris Ikonomidis,C. Ikonomidis,50980,5/4/95,Macarthur FC,1804,AUS - A-League,61,2024/2025,95,Center Forward,76.64,19.28,20.53,5,0,9132.4,119.16,1415,560.6,44.8,82.6,5.8,643.2,50.6,90,7,77.2,11.8,5.4,0.8,1.2,1.95,26.38,26.38,2903,150.6,544.2,246.4,18,36,1.8,282.4,19.8,30.2,2.6,22,3.4,1.6,0.6,3357.4,163.56,706.8,265.8,20.8,35.8,2.4,301.6,23.2,33.6,1.6,26,4.4,1.4,0.2
Chris Ikonomidis,C. Ikonomidis,50980,5/4/95,Macarthur FC,1804,AUS - A-League,61,2024/2025,95,Wide Attacker,69.91,15.84,20.51,3,0,8023,114.77,1067.67,520.33,48.33,149,9,669.33,57.33,88.67,4.67,68.67,15,4.33,0.85,1.67,,28.4,28.4,2516.33,158.87,531,327,27.33,87.33,5.33,414.33,32.67,29.67,1.67,18.33,3.67,1.67,0.67,2803.33,136.71,398.67,151.33,15,42.33,2,193.67,17,29,1.33,22.67,3.67,0.67,0.33
Riley Warland,R. Warland,50982,7/4/02,Perth Glory Football Club,871,AUS - A-League,61,2024/2025,95,Full Back,86.67,18.39,30.98,4,0,9764.75,112.66,1309.75,573.75,56.75,236.5,13.25,810.25,70,98.75,5.75,87.75,14.75,4.5,0.8,2.5,1.48,29.68,29.68,2437.75,132.55,384.5,136.5,12.25,45.5,2.25,182,14.5,22,1.5,18.75,2,0.25,0,4588.75,148.1,792.5,388,38.5,171.75,8.75,559.75,47.25,52.25,2.75,39.75,6.5,2.5,1.25
Dane James Ingham,Dane Ingham,50983,6/8/99,Newcastle United Jets FC,1805,AUS - A-League,61,2024/2025,95,Full Back,92.83,25.16,28.24,6,0,10543,113.57,1398.83,539,49.33,192,10.33,731,59.67,100,7.17,85.33,16.33,5,0.71,1.5,1.43,29.98,30.18,3510.83,139.52,557.17,204.33,18.17,55.5,2.83,259.83,21,31.5,2.67,23.5,3.67,2.33,0.5,4091.17,144.86,670.17,305.83,27,124.83,5.83,430.67,32.83,42.67,1.83,31.67,5.33,0.83,0.33
Dane James Ingham,Dane Ingham,50983,6/8/99,Newcastle United Jets FC,1805,AUS - A-League,61,2024/2025,95,Wide Attacker,70.05,16.57,22.02,1,0,8199,117.04,943,403,41,305,11,708,52,72,6,65,11,4,,1,,31.9,31.9,2359,142.39,315,227,22,162,6,389,28,28,2,16,3,2,1,3378,153.43,532,157,16,123,3,280,19,24,1,26,3,0,0
Kai Trewin,K. Trewin,50992,5/18/01,Melbourne City FC,2380,AUS - A-League,61,2024/2025,95,Central Defender,98.27,29.74,24.99,19,0,11084.11,112.79,1523.68,504.05,45.84,124.11,7.63,628.16,53.47,112.79,4.32,91.21,8.95,2.63,0.73,1.26,1.32,28.06,29.72,4119.68,138.53,643.32,182.53,16.42,34.58,2,217.11,18.42,38.11,1.11,31.63,2.47,0.53,0.11,3818.79,152.83,691,275.89,25.21,78.47,4.32,354.37,29.53,42.58,1.74,30.32,2.89,0.84,0.37
Kai Trewin,K. Trewin,50992,5/18/01,Melbourne City FC,2380,AUS - A-League,61,2024/2025,95,Midfield,100.29,31.25,22.94,7,0,12630.86,125.95,2444.29,696,58.57,148.43,8.71,844.43,67.29,129.86,4,111.43,12,3,0.72,1.14,1.44,27.51,27.88,4968,158.95,1076.71,194,18,18,1.14,212,19.14,48.14,1.29,38.57,3.14,0.86,0.29,4185.43,182.49,1140.71,440,35.86,128.29,6,568.29,41.86,48.43,1.29,34.43,4.29,1.14,0.43
Corey Brown,C. Brown,50994,1/7/94,Brisbane Roar FC,1802,AUS - A-League,61,2024/2025,95,Full Back,93.03,21.52,29.53,3,0,10476,112.61,1626,699.67,53,163.67,9,863.33,62,111.33,6,99,12.33,4,0.88,0,,28.4,28.4,2967,137.89,531.67,260.67,19.33,57.33,3.33,318,22.67,27.67,1.33,23.67,3.33,1.33,0,4253.33,144.02,819.67,377.67,29.67,96,4.33,473.67,34,49.67,2.67,37.33,2.67,1.67,0
Scott Neville,S. Neville,50997,1/11/89,Brisbane Roar FC,1802,AUS - A-League,61,2024/2025,95,Central Defender,83.19,19.7,27.25,2,0,8919,107.21,942,267.5,26.5,103.5,5,371,31.5,88,4,71.5,8,2.5,,0.5,,29.7,29.7,2552,129.54,297,64.5,6,9.5,0.5,74,6.5,22.5,0.5,15,2.5,0.5,0,3926.5,144.09,525,182,18,84.5,3,266.5,21,41,1,32,2,1,0
Jordan Courtney-Perkins,J. Courtney-Perkins,51000,11/6/02,Sydney Football Club,869,AUS - A-League,61,2024/2025,95,Central Defender,90.59,25.58,24.66,3,0,10477.33,115.65,1558.33,539.33,45.67,128.33,7,667.67,52.67,114,7,90,12.67,3.67,0.9,0.67,,28.13,28.13,3598.33,140.65,591,136,11.67,20.33,0.67,156.33,12.33,37.33,1.67,30,2.67,0.33,0,3767.33,152.8,757,353,30,99,5,452,35,48.67,3,32.33,5,2,0.33
Jordan Courtney-Perkins,J. Courtney-Perkins,51000,11/6/02,Sydney Football Club,869,AUS - A-League,61,2024/2025,95,Full Back,97.28,28.93,21.75,16,0,11745.19,120.73,1969.56,855.12,70.94,249.94,14.44,1105.06,85.38,126.19,7.25,104.12,21.69,4.62,0.67,1.88,1.44,28.78,29.56,4385.25,151.6,871.19,365.81,30.56,92.75,5.31,458.56,35.88,49.06,2.56,38,6.56,1.69,0.69,3672.62,168.85,827.06,412.81,34.38,144.56,7.31,557.38,41.69,43.62,2.38,28.81,6.5,1.5,0.5
Jordan Courtney-Perkins,J. Courtney-Perkins,51000,11/6/02,Sydney Football Club,869,AUS - A-League,61,2024/2025,95,Wide Attacker,89.35,33.58,14.42,1,0,11091,124.13,2159,916,77,225,11,1141,88,127,8,93,26,6,,1,,27.9,27.9,4888,145.55,933,435,38,109,5,544,43,61,4,42,7,2,1,2924,202.82,984,405,35,100,5,505,40,32,2,19,7,2,0
Jay O'Shea,J. O'Shea,51002,8/10/88,Brisbane Roar FC,1802,AUS - A-League,61,2024/2025,95,Midfield,98.88,27.6,28.51,26,0,11934.04,120.69,1726.54,456.42,38.81,68.69,3.96,525.12,42.77,105.12,2.42,95.88,11.19,1.38,0.75,0.31,1.52,26.62,28.62,4070.38,147.49,669.08,131.15,11.77,14.73,0.73,145.88,12.5,33.23,0.42,28.88,2.73,0.27,0.04,4633.42,162.51,942.15,305.46,24.5,48.42,2.19,353.88,26.69,44.73,0.62,36.27,3.96,0.15,0.04
Dylan Pierias,D. Pierias,51005,2/20/00,Adelaide United Football Club,866,AUS - A-League,61,2024/2025,95,Full Back,98.43,28.65,27.27,22,1,11208.86,113.88,1528.32,704,69.91,357.45,16.68,1061.45,86.59,115.32,9,100.55,20.05,6.91,0.64,2.95,1.18,31.21,32.7,3952.27,137.95,599.95,340.82,36.23,237.41,10.27,578.23,46.5,38.86,3.95,29.59,5,3.14,1.55,3984,146.08,734.09,305.27,27.45,95.68,4.59,400.95,32.05,45.18,2.59,34.09,5.82,1.86,0.68
Tomislav Uskok,T. Uskok,51006,6/22/91,Macarthur FC,1804,AUS - A-League,61,2024/2025,95,Central Defender,97.69,26.55,26.17,19,0,9991.16,102.28,1133.84,384.42,31.42,72.84,4.32,457.26,35.74,101.16,3.89,80.79,8.89,1.68,0.81,0.26,1.64,26.87,28.14,3340.68,125.81,397.84,84.74,7.89,13.21,0.58,97.95,8.47,26.32,1.16,22,2,0.42,0,3560.05,136.01,559.11,257.05,19.84,51.68,2.21,308.74,22.05,44.68,1.79,30.37,2.74,0.47,0.21
Lachlan Wales,L. Wales,51007,10/19/97,Perth Glory Football Club,871,AUS - A-League,61,2024/2025,95,Wide Attacker,88.85,21.69,28.63,5,0,10442.4,117.52,1641.6,665.6,64.6,188.6,12.4,854.2,77,113.8,9.4,97,22,5.2,0.7,1.2,1.56,28.12,28.12,3355.8,154.74,666.4,308.8,27.8,100.4,6,409.2,33.8,39.6,3.2,25.2,4.6,1.8,0.6,4201.8,146.78,852.4,317.8,32,78.4,5,396.2,37,46.8,3,39.4,9.2,1.8,0.4
Tomoki Imai,T. Imai,51008,11/29/90,Western United,1803,AUS - A-League,61,2024/2025,95,Central Defender,97.54,27.4,28.51,22,0,10656.68,109.26,1374.36,463.59,42.95,139.64,7.86,603.23,50.82,107.86,4.36,93.14,8.09,2.68,0.67,0.77,1.21,28.83,30.34,3525.45,128.68,475.55,98.41,9.55,22.18,1.23,120.59,10.77,30.73,1.18,25.77,2.05,0.55,0.09,4164.14,146.07,712.23,319.27,28.77,107.27,5.18,426.55,33.95,47.82,1.95,36.77,2.86,1.09,0.32
Tomoki Imai,T. Imai,51008,11/29/90,Western United,1803,AUS - A-League,61,2024/2025,95,Full Back,94.27,22,29.94,4,0,10447.25,110.82,1368,594.75,62.25,220.25,12.75,815,75,113,7.25,95.75,16.5,7,0.73,2,1.44,29.68,29.68,3009,136.77,501.5,187.5,19.75,67.75,4.25,255.25,24,30.25,2.25,22.5,3,2,0.5,4310.5,143.98,690.25,340.5,33.25,130.25,6.25,470.75,39.5,53.5,3,39.5,6.75,2.5,1
Brendan Hamill,B. Hamill,51013,9/18/92,Melbourne Victory Football Club,868,AUS - A-League,61,2024/2025,95,Central Defender,97.77,27.59,24.98,20,0,9998.1,102.26,1167.65,466.2,45.55,158.5,9.1,624.7,54.65,115.6,5.5,92.55,13.35,4.15,0.62,1.45,1.3,29.34,30.88,3395.5,123.09,411,100.1,10.05,26.8,1.7,126.9,11.75,31.2,1.35,25.45,2.65,0.55,0.15,3514.4,140.68,567.5,310.85,29.45,115.95,5.9,426.8,35.35,47.75,2.45,32.55,4.45,1.85,0.85
Ivan Vujica,I. Vujica,51014,4/20/97,Macarthur FC,1804,AUS - A-League,61,2024/2025,95,Full Back,92.15,26.44,24.53,18,0,10034.78,108.9,1276.5,572.22,48.94,166.61,9.06,738.83,58,101.5,6,87,15.67,4.06,0.59,0.94,1.49,27.78,29.32,3680.56,139.23,568.83,277.72,22.06,95.11,4.22,372.83,26.28,35.39,2.17,26.89,4.44,1.61,0.39,3357.17,136.87,555.39,247.22,21.5,55.33,3.22,302.56,24.72,38.56,1.89,28.28,4,0.78,0.28
Alex Rufer,A. Rufer,51015,6/12/96,Wellington Phoenix FC,867,AUS - A-League,61,2024/2025,95,Midfield,93.76,24.42,29.29,17,0,10812.47,115.32,1513,415.65,35,71.71,3.88,487.35,38.88,97.59,3.06,89.59,9.12,1.88,0.78,0.41,1.74,26.61,27.68,3366.88,137.9,491.47,77.47,6.82,12.76,0.41,90.24,7.24,27.18,0.88,22.76,1.82,0.41,0.06,4626.82,157.96,916.94,317.82,25.47,54.18,2.24,372,27.71,47.94,0.94,40.88,4.53,0.65,0.18
Tim Payne,T. Payne,51017,1/10/94,Wellington Phoenix FC,867,AUS - A-League,61,2024/2025,95,Central Defender,96.95,26.67,28.97,1,0,9808,101.17,1102,368,36,145,8,513,44,94,4,81,9,4,,2,,28.7,28.7,3134,117.53,333,106,12,41,3,147,15,24,0,19,2,0,0,3887,134.19,605,219,21,64,4,283,25,49,2,37,3,2,1
Tim Payne,T. Payne,51017,1/10/94,Wellington Phoenix FC,867,AUS - A-League,61,2024/2025,95,Full Back,94,23.8,29.43,16,0,10195.12,108.46,1332.25,657.25,61.75,330,15.25,987.25,77,102.06,6.94,90.69,15.5,5.56,0.58,2.5,1.2,30.17,31.8,3142.69,132.06,499.62,261.94,26.12,166.5,6.81,428.44,32.94,31.19,2.88,23.38,4.38,2.19,1.19,4094.06,139.12,658.19,343.31,28.94,133.88,6.06,477.19,35,45.69,2.31,35.19,5.94,1.75,0.44
Tim Payne,T. Payne,51017,1/10/94,Wellington Phoenix FC,867,AUS - A-League,61,2024/2025,95,Wide Attacker,97.01,23.85,29.65,2,0,10636,109.64,1420.5,719,63,206.5,12,925.5,75,108.5,6,94,16,5.5,,1.5,,28.7,28.7,3145,131.87,451,245.5,22,103.5,6,349,28,37,3,23.5,4.5,2,1.5,4295.5,144.87,796.5,424,34,90,4.5,514,38.5,45.5,2.5,35,6,2.5,0
Sam Sutton,S. Sutton,51028,12/10/01,Wellington Phoenix FC,867,AUS - A-League,61,2024/2025,95,Full Back,93.35,24.67,29.31,18,0,10267.56,109.99,1374.39,572.56,52.06,214.11,10.78,786.67,62.83,116.17,6.89,97.5,16.83,5.44,0.61,2.22,1.32,29.16,31.08,3269.72,132.54,525.39,260.44,22,111.17,5,371.61,27,37.17,2.5,26.94,4.83,1.94,0.78,4120.83,140.59,686.83,263.56,23.83,87.67,4.11,351.22,27.94,51.33,2.72,38.39,5.83,2.22,1
Sam Sutton,S. Sutton,51028,12/10/01,Wellington Phoenix FC,867,AUS - A-League,61,2024/2025,95,Wide Attacker,98.84,20.09,32.86,2,0,10977.5,111.06,1502.5,587,59.5,184,10.5,771,70,128,10,96.5,20.5,7,,1.5,,28.2,28.2,2681,133.44,471.5,169,21,43.5,3.5,212.5,24.5,34.5,3,21,4.5,2,0.5,4833,147.09,860.5,371,33.5,123.5,6,494.5,39.5,60.5,3.5,41,9,2.5,0.5
Nicolas Milanovic,N. Milanovic,51036,11/14/01,Western Sydney Wanderers FC,2902,AUS - A-League,61,2024/2025,95,Center Forward,95.75,34.73,24.17,1,0,11440,119.48,1319,559,53,273,14,832,67,94,6,82,12,5,,2,,31.2,31.2,4688,134.97,611,387,37,233,10,620,47,49,3,36,4,2,2,3677,152.15,628,137,10,30,1,167,11,24,1,19,2,0,0
Nicolas Milanovic,N. Milanovic,51036,11/14/01,Western Sydney Wanderers FC,2902,AUS - A-League,61,2024/2025,95,Wide Attacker,90.53,24.21,25.76,22,0,10743.36,118.67,1499.64,615.32,59.55,236.77,12.82,852.09,72.36,101.64,6.09,84.55,15.14,4.5,0.62,1.68,1.26,29.32,30.88,3653.64,150.93,673.41,331.41,31.18,135.73,7.09,467.14,38.27,38.27,2.41,24.41,4.41,1.77,0.86,3865.91,150.08,671.95,237,22.27,83.27,3.55,320.27,25.82,36.14,1.68,30.45,4.05,1.05,0.23
Noah Smith,N. Smith,51039,12/15/00,Central Coast Mariners Football Club,870,AUS - A-League,61,2024/2025,95,Full Back,82.65,31.48,19.6,1,0,9663,116.91,1421,671,56,162,12,833,68,115,5,96,13,5,,3,,27.8,27.8,3999,127.02,613,281,26,82,5,363,31,51,1,35,4,1,0,2986,152.35,609,314,23,51,4,365,27,37,2,27,5,2,2
Harry Van Der Saag,H. Van Der Saag,51043,10/29/99,Brisbane Roar FC,1802,AUS - A-League,61,2024/2025,95,Full Back,76.58,21.22,23.6,6,0,8758.17,114.36,1199.17,465,41,128.67,7,593.67,48,86,4,71.67,11,2,0.81,0.33,,28.33,28.52,2810.67,132.46,416,157.67,13.5,51.33,1.83,209,15.33,24.83,0.83,19.5,2.33,0.33,0,3500.5,148.33,637.67,270.17,23.33,72.17,3.5,342.33,26.83,36.5,1.67,26.5,3.5,0.5,0
Luke Brattan,L. Brattan,51044,3/8/90,Macarthur FC,1804,AUS - A-League,61,2024/2025,95,Midfield,97.07,27,25.87,26,0,10765.46,110.9,1549.38,447.27,39.73,84.62,4.65,531.88,44.38,108.46,3.77,94.77,14.96,2.38,0.67,0.27,1.65,26.48,27.82,3748.38,138.85,591.27,113.31,10.12,14.23,0.42,127.54,10.54,32.08,1.08,27.46,3,0.35,0.04,4006.23,154.84,839.77,311.58,26.35,64.81,2.85,376.38,29.19,46.73,1.65,33.81,5.62,1,0.04
Anthony Cáceres,A. Cáceres,51045,9/29/92,Sydney Football Club,869,AUS - A-League,61,2024/2025,95,Midfield,98.08,30.16,22.54,21,0,12226,124.65,2387.33,780.19,62.29,153.19,9.19,933.38,71.48,121.33,4.9,108.33,16.14,3.29,0.63,0.76,1.33,27.78,28.92,4658.76,154.49,972.52,280.19,23.81,54.38,3.24,334.57,27.05,50.71,1.57,39.95,3.95,1.19,0.14,4221.81,187.32,1217.95,452.71,33.67,92.29,4.57,545,38.24,39.52,1.67,30.05,5.38,0.95,0.19
Anthony Cáceres,A. Cáceres,51045,9/29/92,Sydney Football Club,869,AUS - A-League,61,2024/2025,95,Wide Attacker,99.92,29.17,21.17,4,0,12281,122.91,2269.25,731.25,62,151.75,9,883,71,120.5,5.25,102,19.75,2.25,,0.5,,27.32,27.32,4640.75,159.09,989.25,290,24,37.25,2.75,327.25,26.75,52.25,2,40,5,1.25,0.25,3869.5,182.78,1086.25,397.5,30.75,95,4.25,492.5,35,39.75,1.25,28,6.75,0.5,0
Paulo Retre,P. Retre,51046,3/4/93,Wellington Phoenix FC,867,AUS - A-League,61,2024/2025,95,Midfield,84.63,22.37,28.09,14,0,10477.07,123.8,1889,556.79,42.79,79.64,3.86,636.43,46.64,111.07,3.43,92.36,11.5,1.71,0.85,0.29,,25.78,26.94,3400.93,152.05,744.71,168.5,12.5,21.36,0.57,189.86,13.07,33.43,1.21,24.43,2,0.5,0,4524.36,161.09,998.93,356.29,27.93,51.36,2.14,407.64,30.07,56.79,1.36,41.29,5.5,0.5,0.14
Joel Bruce King,J. King,51048,10/30/00,Sydney Football Club,869,AUS - A-League,61,2024/2025,95,Central Defender,95.64,28.52,23.66,5,0,10347.8,108.2,1358.2,477.6,44.6,144,8,621.6,52.6,115.8,5,92.4,13.4,4,0.76,2.4,1.43,28.34,28.34,3557,124.72,464.6,125.8,10,17.8,1.2,143.6,11.2,37.8,1.8,29,3.2,0.2,0,3733.4,157.82,719.4,313.2,29.2,111.8,5.4,425,34.6,44.8,2,30.8,3.8,1.8,1.2
Joel Bruce King,J. King,51048,10/30/00,Sydney Football Club,869,AUS - A-League,61,2024/2025,95,Full Back,94.14,30.82,20.15,9,0,10878.22,115.56,1716.44,716.11,60.33,167.22,10.56,883.33,70.89,119.67,7.89,102.44,21.56,6,0.73,1,1.65,27.87,28.46,4239.89,137.58,763.78,295,23.67,43.22,3.11,338.22,26.78,46.67,2.89,37.44,6.33,1.78,0.33,3329.33,165.26,714.67,371.89,31.11,112.44,5.78,484.33,36.89,40.22,2.11,27.44,6.33,1.56,0.33
Ben Warland,B. Warland,51050,9/4/96,Brisbane Roar FC,1802,AUS - A-League,61,2024/2025,95,Central Defender,98.98,23.72,31,7,0,10928.43,110.41,1346.57,404.71,34.86,80.14,5.14,484.86,40,105,3.29,87.57,9,1.43,0.89,0,,27.11,27.46,3217,135.64,397.57,89.71,7.86,12.57,0.71,102.29,8.57,25.29,0.71,20.71,1.71,0.14,0,4478.14,144.45,749.14,262.29,22.71,62.86,3.14,325.14,25.86,46.57,1.43,35.29,2.14,0.57,0
Callum Talbot,C. Talbot,51051,2/26/01,Melbourne City FC,2380,AUS - A-League,61,2024/2025,95,Full Back,90.75,28.43,23.1,14,0,10677.79,117.66,1621.57,584.29,54.07,151.64,9.5,735.93,63.57,114.29,6.21,93.43,16.07,4.36,0.69,0.86,1.49,27.83,28.9,4053.43,142.57,704.07,246.14,23.93,71.64,4.14,317.79,28.07,44.21,2.14,32.79,4.79,1.57,0.14,3582.71,155.11,711.64,296.07,25.07,71.36,3.57,367.43,28.64,39.93,2,27.71,4.71,1.36,0.43
Patrick Wood,P. Wood,51053,9/16/02,Perth Glory Football Club,871,AUS - A-League,61,2024/2025,95,Center Forward,74.17,19.66,23.96,5,0,8567,115.5,1175.8,441.2,48,150,9.4,591.2,57.4,90,6.2,74,16.2,4.6,0.75,0.8,,28.64,28.64,2670.6,135.82,479.4,185,19,75.4,4.2,260.4,23.2,31.8,2.4,21.6,3.6,1.8,0.2,3624,151.27,602,226.6,24.2,62.2,3.8,288.8,28,33.4,2,29.2,5.4,1.4,0.4
Patrick Wood,P. Wood,51053,9/16/02,Perth Glory Football Club,871,AUS - A-League,61,2024/2025,95,Midfield,79.62,14.9,23.72,1,0,9307,116.9,1170,691,63,259,17,950,80,96,7,84,18,7,,4,,30,30,2384,160,419,317,33,148,9,465,42,31,3,20,5,3,1,3688,155.5,588,353,27,99,6,452,33,32,1,29,5,1,1
Rhyan Grant,R. Grant,51644,2/26/91,Sydney Football Club,869,AUS - A-League,61,2024/2025,95,Central Defender,98.46,31.7,21.36,12,0,9980.83,101.37,1238.92,484.33,48.33,214.17,11.25,698.5,59.58,112.92,7.75,92.58,16.83,6.17,0.67,2.5,1.28,29.43,30.36,3576.17,112.82,418.58,119.25,13,54.33,2.5,173.58,15.5,35.33,1.83,29.83,3.75,1.42,0.58,3340.42,156.36,636.08,298.42,29.25,139.67,6.58,438.08,35.83,41.83,2.67,28.25,3.92,2.25,0.92
Rhyan Grant,R. Grant,51644,2/26/91,Sydney Football Club,869,AUS - A-League,61,2024/2025,95,Full Back,100.73,29.51,23.15,13,0,10662.62,105.86,1468.38,699.69,65.62,269.38,13.77,969.08,79.38,116.62,9.38,100.38,23.15,6,0.68,1.92,1.35,29.11,30.44,3587.31,121.55,525.69,211.92,20.69,69.23,3.69,281.15,24.38,40.15,3.15,31.69,5.54,1.92,0.38,3665.46,158.31,721.85,420.23,36.31,173.46,8.15,593.69,44.46,44.85,2.69,30.92,6.85,1.69,0.77
Jonny  Yull,J. Yull,51646,3/5/05,Adelaide United Football Club,866,AUS - A-League,61,2024/2025,95,Wide Attacker,88.08,23.57,24.27,6,0,10162.33,115.38,1565.17,667.33,59.83,195,11.5,862.33,71.33,110.67,6.33,89.17,16,4.67,0.75,1,1.48,28.05,28.44,3440.33,145.95,635.33,326.67,29.17,115.83,7.17,442.5,36.33,40.83,2.83,25.83,3.5,2.5,0.67,3661.67,150.84,762.83,291.5,24.83,66.5,3.33,358,28.17,40.67,1.83,31.83,5,0.67,0
Jake Hollman,J. Hollman,51648,8/26/01,Macarthur FC,1804,AUS - A-League,61,2024/2025,95,Center Forward,92.97,26.51,26.19,4,0,11135.25,119.78,1653.5,615,53.5,124.75,7,739.75,60.5,113.75,4.75,92.5,13.25,3,1.02,0,,28.38,28.38,3995,150.71,769.25,344.25,27.25,74.75,3.75,419,31,44.5,1.75,28.75,4,0.75,0,4058,154.93,740,231,23,41.25,1.5,272.25,24.5,40.75,1.25,30.25,3.25,0,0
Jake Hollman,J. Hollman,51648,8/26/01,Macarthur FC,1804,AUS - A-League,61,2024/2025,95,Midfield,83.52,22.47,23.96,15,0,10239,122.59,1575.87,519.33,44.33,122,6.53,641.33,50.87,93.4,3.13,79.93,10.47,1.6,0.67,0.53,1.6,27.76,29.42,3519.6,156.61,699.93,221,17.73,40.8,2,261.8,19.73,30.53,0.93,23.13,2.8,0.47,0.07,3848.6,160.6,729.27,269.47,23.6,73.73,3.47,343.2,27.07,37.47,0.73,29.4,3.13,0.47,0.07
Jake Hollman,J. Hollman,51648,8/26/01,Macarthur FC,1804,AUS - A-League,61,2024/2025,95,Wide Attacker,98.12,25.4,22.32,1,0,11664,118.88,2028,624,56,148,7,772,63,84,6,65,13,5,,0,,28.7,28.7,4044,159.21,944,290,31,73,3,363,34,35,3,22,4,3,0,3794,170.01,886,278,23,66,2,344,25,33,1,21,2,0,0
Aleksandar Šušnjar,A. Šušnjar,51649,8/19/95,Newcastle United Jets FC,1805,AUS - A-League,61,2024/2025,95,Central Defender,98.65,29.59,27,13,0,10449,105.92,1197.23,368.15,34.92,97,5.46,465.15,40.38,109.62,3.85,87.69,8.92,2.15,0.83,0.46,1.6,27.93,29.4,3810.92,128.78,478.69,99,10,17.69,0.85,116.69,10.85,33.77,0.92,28.08,2.23,0.31,0.08,3672.85,136.02,549.38,235.85,21.62,70.92,3.15,306.77,24.77,45,1.62,32.15,3,1,0.23
Lachlan Rose,L. Rose,51651,5/10/99,Newcastle United Jets FC,1805,AUS - A-League,61,2024/2025,95,Center Forward,84.4,24.44,23.29,11,1,10016.64,118.67,1487.64,755.55,78.36,330.18,18.73,1085.73,97.09,110.27,9.18,85.73,23.82,6.27,0.73,1.73,1.51,30.41,31.24,3430.27,140.35,528.64,335.18,35.82,183.45,9.64,518.64,45.45,40.45,3.64,24.64,7.18,2.36,0.64,3816.27,163.86,811.82,353.73,35.64,120.64,7,474.36,42.64,40.45,2.45,31.09,8.27,1.36,0.36
Liam Rose,L. Rose,51655,4/7/97,Macarthur FC,1804,AUS - A-League,61,2024/2025,95,Midfield,75.39,21.5,20.77,10,0,8395,111.36,1114.9,308.6,27.7,96.5,3.6,405.1,31.3,79.4,3,72.3,8.2,1.7,0.7,0.4,1.79,27.53,29.12,2959,137.63,381.8,49.5,5.3,10.2,0.4,59.7,5.7,23.2,0.6,20.1,1.8,0,0,3166,152.42,622.6,208.5,19.2,55.8,2,264.3,21.2,34.7,1.2,25.6,3.3,0.7,0
Charles M'Mombwa,C. M'Mombwa,51656,3/14/98,Newcastle United Jets FC,1805,AUS - A-League,61,2024/2025,95,Midfield,68.63,22.3,18.82,4,0,8646.25,125.98,1452.25,338.5,33.25,146.5,6.75,485,40,80.75,4,68.5,7.5,2.75,0.72,1.25,1.75,28.52,28.52,3405.25,152.73,631.75,130.75,13.75,72.25,3,203,16.75,31.25,1.25,23.25,2.25,0.75,0.25,3091.25,164.21,699.25,190.25,17.5,59.5,2,249.75,19.5,32,1,21.75,2.5,0.75,0
Daniel De Silva,Daniel De Silva,51659,3/6/97,Macarthur FC,1804,AUS - A-League,61,2024/2025,95,Center Forward,90.98,29.83,20.58,1,0,10406,114.37,1578,606,49,69,5,675,54,117,5,101,16,3,,1,,26.4,26.4,4595,154.02,967,462,34,46,3,508,37,48,2,37,6,1,0,2930,142.35,499,113,12,17,1,130,13,30,0,26,3,0,0
Daniel De Silva,Daniel De Silva,51659,3/6/97,Macarthur FC,1804,AUS - A-League,61,2024/2025,95,Midfield,70.42,15.87,25.6,2,0,8730.5,123.97,1544,542.5,45,76.5,3.5,619,48.5,90.5,4.5,85,11,2.5,,0.5,,26.95,26.95,2703,170.36,673,328.5,24,55,2,383.5,26,27.5,1.5,19,3.5,1,0.5,3763.5,147.01,724.5,175,18.5,17.5,0.5,192.5,19,40.5,1,39,3,0.5,0
Jack Clisby,J. Clisby,51664,2/16/92,Western Sydney Wanderers FC,2902,AUS - A-League,61,2024/2025,95,Full Back,93.52,26.54,26.01,17,0,10336.12,110.53,1350.88,601.71,54.76,208.12,10.76,809.82,65.53,108.24,6.88,93.47,16.65,4.59,0.66,1.24,1.24,29.48,31.06,3662.94,138.03,558.18,254.71,24.06,104.24,4.71,358.94,28.76,36.41,2.47,27.47,4.24,1.71,0.47,3691.65,141.95,638.82,303.12,25.82,89,4.29,392.12,30.12,42.94,2.06,31.59,5.29,1.47,0.41
Daniel Hall,D. Hall,51667,6/14/99,Auckland FC,4177,AUS - A-League,61,2024/2025,95,Central Defender,98.87,24.56,25.95,15,0,9760.07,98.72,1021.47,342.07,36.53,144.6,7.8,486.67,44.33,101.33,4.2,84.2,9.67,3.2,0.69,0.93,1.28,30.87,32.74,2925.2,119.09,307.27,70.07,8.6,30.73,1.67,100.8,10.27,24.6,1.13,20.73,2.07,0.67,0,3633.93,140.02,575,228.93,23.67,93.8,4.73,322.73,28.4,44.4,1.8,32.47,2.67,1.2,0.53
Alou Kuol,A. Kuol,51668,7/5/01,Central Coast Mariners Football Club,870,AUS - A-League,61,2024/2025,95,Center Forward,82.34,22.98,24.71,18,0,8635.56,104.87,973.94,458.28,51.33,201.06,11.72,659.33,63.06,86.33,7.94,67.61,17.67,6.28,0.6,2.83,1.19,29.59,31.08,2766.17,120.36,389.61,193.44,21.56,79.28,4.5,272.72,26.06,32.89,2.78,20.39,5.33,1.72,0.78,3511.89,142.11,508.22,232.5,25.17,106.89,5.67,339.39,30.83,33.67,2.33,27.06,5.78,2.06,0.89
Angus Thurgate,A. Thurgate,51675,2/8/00,Western United,1803,AUS - A-League,61,2024/2025,95,Midfield,97.05,26.81,28.86,28,0,12606.75,129.9,2267.32,651.07,54.18,146.64,8.36,797.71,62.54,112.82,3.39,99.46,13.25,1.75,0.72,0.36,1.57,27.9,29.68,4260.29,158.91,845.93,173.04,15.79,33.5,2,206.54,17.79,35.79,1.04,30.43,3.32,0.5,0.04,5101.39,176.79,1235.14,431.29,34.39,106.86,4.89,538.14,39.29,49.82,0.89,37.07,4.93,0.36,0.07
Steven Ugarković,S. Ugarković,51681,8/19/94,Melbourne City FC,2380,AUS - A-League,61,2024/2025,95,Center Forward,97.93,31.79,23.76,2,0,12875,131.47,2194,692.5,64.5,178,13,870.5,77.5,127,6,101.5,12.5,5.5,,2.5,,27.85,27.85,5270,165.77,1040.5,328,31.5,126.5,7.5,454.5,39,51,2.5,37,3.5,2.5,2,4136,174.09,955.5,293.5,25,44.5,3,338,28,40,1.5,28,4,1.5,0
Steven Ugarković,S. Ugarković,51681,8/19/94,Melbourne City FC,2380,AUS - A-League,61,2024/2025,95,Midfield,94.5,29.33,23.73,18,0,12387.78,131.09,2277.67,717.94,57.5,108,7.39,825.94,64.89,109.44,3.94,93.44,13.11,2.22,0.74,0.56,1.41,26.77,28.6,4769.39,162.61,952.78,285.89,24.39,53.61,2.72,339.5,27.11,40.61,1.39,31.72,3.44,0.67,0.17,4292.44,180.88,1130.89,392.83,29.39,48.67,3.06,441.5,32.44,41,1.67,29.28,4.89,0.72,0.17
Lucas Mauragis,L. Mauragis,51683,9/4/01,Central Coast Mariners Football Club,870,AUS - A-League,61,2024/2025,95,Full Back,95.19,26.29,28.57,16,0,11012.81,115.69,1603.62,702.25,65.25,218.62,13,920.88,78.25,116.75,7.56,98.31,20.88,5.56,0.7,1.44,1.42,28.7,29.8,3787.25,144.03,669.94,361.69,33.62,140.62,7.25,502.31,40.88,41.25,3,29.75,6.44,2.38,0.75,4118.38,144.14,750.44,292.56,26.62,67.94,4.06,360.5,30.69,47.19,2.5,33.81,6.81,1.5,0.38
Lucas Mauragis,L. Mauragis,51683,9/4/01,Central Coast Mariners Football Club,870,AUS - A-League,61,2024/2025,95,Wide Attacker,75.72,19.58,23.37,1,0,9030,119.26,1448,592,61,179,11,771,72,90,10,71,24,6,,1,,28.6,28.6,2856,145.84,489,289,31,123,7,412,38,31,3,16,6,1,1,3626,155.18,830,274,25,49,2,323,27,38,3,26,8,2,0
Lachlan Jackson,L. Jackson,51685,3/12/95,Melbourne Victory Football Club,868,AUS - A-League,61,2024/2025,95,Central Defender,96.54,24.14,22.51,9,0,9549,98.91,1043.56,366.44,36.78,110.56,6.33,477,43.11,96.11,4.33,74.11,9.33,3.89,0.74,0.67,1.69,29.04,30,3012.22,124.77,336.78,63.78,7.22,16.56,0.89,80.33,8.11,23.89,1.11,17.44,1.89,0.22,0,3198.89,142.14,536.11,263.89,24,84.56,3.89,348.44,27.89,40,2.11,26.11,3.11,1.89,0.33
Archie Goodwin,A. Goodwin,51686,11/7/04,Adelaide United Football Club,866,AUS - A-League,61,2024/2025,95,Center Forward,78.59,22.86,21.6,16,1,8996.62,114.47,1263.88,518.81,54.38,204.62,11.44,723.44,65.81,95.19,8.12,78.12,16.88,5.12,0.65,1.69,1.27,30.42,31.32,3147.19,137.68,508.81,261.06,27.94,129.81,6.75,390.88,34.69,34.56,2.81,22,4.81,2.06,0.88,3259,150.87,606.12,213.75,21.06,62.81,3.5,276.56,24.56,30.69,1.88,27.31,3.75,0.88,0.12
Archie Goodwin,A. Goodwin,51686,11/7/04,Adelaide United Football Club,866,AUS - A-League,61,2024/2025,95,Wide Attacker,80.6,23.67,22.73,1,0,9310,115.51,1355,529,54,101,7,630,61,106,6,90,11,4,,0,,27.4,27.4,3045,128.66,491,258,24,57,4,315,28,35,1,24,3,1,0,3444,151.5,647,222,20,23,1,245,21,37,2,31,3,1,0
Taras  Gomulka,T. Gomulka,51694,9/16/01,Perth Glory Football Club,871,AUS - A-League,61,2024/2025,95,Center Forward,94.82,17.97,35.75,1,0,12468,131.5,2266,483,45,70,7,553,52,119,7,102,15,7,,0,,26.2,26.2,2803,156.01,543,139,9,8,2,147,11,36,2,22,2,0,0,6243,174.63,1604,318,33,61,4,379,37,58,3,52,10,3,0
Taras  Gomulka,T. Gomulka,51694,9/16/01,Perth Glory Football Club,871,AUS - A-League,61,2024/2025,95,Midfield,97.91,20.82,33.79,16,0,12240.88,125.02,1959.75,594.69,44.75,92.44,5.38,687.12,50.12,103.06,2.56,95.25,10.62,1.5,0.76,0.12,,26.76,28.36,3255.25,156.34,597.88,130.62,10.44,19.06,0.81,149.69,11.25,27.94,0.69,20.69,2.19,0.25,0,5730.12,169.56,1221.12,433.31,30.94,65.75,3.25,499.06,34.19,51,0.69,42.88,4.69,0.44,0.06
Max Burgess,M. Burgess,51700,1/16/95,Sydney Football Club,869,AUS - A-League,61,2024/2025,95,Wide Attacker,91.26,31.7,18,2,0,11758,128.84,2061,726,54.5,123,7.5,849,62,96,3,79,9.5,2.5,,0.5,,27.1,27.1,4851.5,153.04,866.5,281,20,35.5,2.5,316.5,22.5,46.5,0.5,35,2.5,0,0,3537,196.5,1010,414,30,72.5,4,486.5,34,28,0.5,19.5,5,0.5,0
Sebastian Pasquali,S. Pasquali,51701,11/7/99,Western United,1803,AUS - A-League,61,2024/2025,95,Midfield,75.92,20.72,25.18,2,0,10349.5,136.33,2318.5,772,52,98.5,5.5,870.5,57.5,99.5,2.5,87.5,9.5,1.5,,0,,25.85,25.85,3219.5,155.41,774,105.5,7.5,1.5,0,107,7.5,28.5,0.5,23.5,2,0.5,0,4826.5,191.72,1396.5,600,40,94,4,694,44,46,1,37,4,0.5,0
Alex Grant,A. Grant,51708,1/23/94,Sydney Football Club,869,AUS - A-League,61,2024/2025,95,Central Defender,98.92,31.36,22.18,3,0,10685.67,108.02,1497,455.33,35.67,98.67,4.33,554,40,111,4,84.33,8.33,1.67,,0,,26.7,26.7,3934,125.44,555.33,106.33,8.33,15,0.33,121.33,8.67,36.33,1.33,27.67,2,0,0,3441.33,155.17,703.67,302.67,24.33,69.67,2.33,372.33,26.67,43,1.33,28.67,3.67,1.33,0
Callan Elliot,C. Elliott,51713,7/7/99,Auckland FC,4177,AUS - A-League,61,2024/2025,95,Full Back,88.58,21.59,23.3,6,0,9613.17,108.53,1300.67,559.67,53.33,166.17,10.17,725.83,63.5,106.5,6.33,85.83,16.83,4.67,0.71,0.83,1.35,28.83,29.08,2917.33,135.11,450,163.5,17.33,50.67,3.33,214.17,20.67,29.67,2,23.83,3.33,1.33,0.33,3458.33,148.44,656.83,339.67,28.5,90.5,5.33,430.17,33.83,43.5,2.17,28.5,6.5,1.67,0.17
Reno Piscopo,R. Piscopo,51714,5/27/98,Melbourne Victory Football Club,868,AUS - A-League,61,2024/2025,95,Center Forward,67.92,20.05,17.65,1,0,8263,121.66,1347,351,40,114,6,465,46,78,4,60,8,2,,0,,28.8,28.8,3196,159.4,792,224,25,55,4,279,29,37,1,26,4,1,0,2672,151.39,440,100,11,24,1,124,12,26,1,19,2,0,0
Reno Piscopo,R. Piscopo,51714,5/27/98,Melbourne Victory Football Club,868,AUS - A-League,61,2024/2025,95,Midfield,73.19,21.32,17.75,3,0,8981.67,122.71,1473.33,523.67,45.67,128.67,5.33,652.33,51,89.67,3.33,75,8.67,2.33,0.82,1,,27.7,27.7,3498.67,164.13,697,327,27,92.33,3.67,419.33,30.67,36,1.33,26.67,2.67,1,0.33,2942,165.75,661.33,175.67,15,32.33,1,208,16,28,1,20.33,2,0.33,0
Reno Piscopo,R. Piscopo,51714,5/27/98,Melbourne Victory Football Club,868,AUS - A-League,61,2024/2025,95,Wide Attacker,73.44,21.14,18.64,10,0,8817,120.05,1433.6,624.9,55.1,162.6,11,787.5,66.1,87.1,5.1,70.8,11.2,3.5,0.67,1.2,1.42,27.97,28.84,3332.1,157.6,681.9,369.5,30.5,95.2,5.8,464.7,36.3,35.3,2.1,23.6,3.4,1.6,0.3,2889.8,155.07,597.9,204.3,18.6,50.9,3,255.2,21.6,28.4,1.4,20.8,3.6,0.6,0.2
Walter Scott,W. Scott,51717,10/2/99,Macarthur FC,1804,AUS - A-League,61,2024/2025,95,Full Back,88.74,22.76,24.5,7,0,10072.57,113.5,1537.86,693.43,64.14,298.86,14.57,992.29,78.71,114.14,7,90.86,23.29,5.71,0.72,1.57,1.48,30.43,30.96,3499,153.72,683.43,356.14,30,173.71,7.57,529.86,37.57,36.86,2.57,26.43,6.29,2.29,0.71,3398.86,138.76,644.29,269.71,27.14,100.71,5.14,370.43,32.29,45.29,2.14,29.57,6.57,1.14,0.14
Walter Scott,W. Scott,51717,10/2/99,Macarthur FC,1804,AUS - A-League,61,2024/2025,95,Wide Attacker,70.99,21.98,18.48,3,0,8297.67,116.88,1344.67,563.67,55,193.67,12,757.33,67,98.67,6,77,21,4,0.78,0.67,,28.63,28.63,3147.67,143.22,575,270,26.67,132.33,6.67,402.33,33.33,41,2.33,28,5,0.67,0.33,2831.33,153.18,614.67,248,23.33,51.67,3.67,299.67,27,37,1.33,25.67,7.33,1,0
Jack Hingert,J. Hingert,51722,9/26/90,Brisbane Roar FC,1802,AUS - A-League,61,2024/2025,95,Full Back,84.89,24.28,25.62,10,0,10043.6,118.31,1296.4,566,48.8,189.2,9.4,755.2,58.2,97.1,5.2,84.7,12.6,4,0.79,0.9,1.71,28.54,29.62,3405.1,140.24,489.7,193.4,18.5,83.8,3.3,277.2,21.8,30.9,1.6,25,3.2,0.8,0.3,3835.6,149.72,636.6,326.5,25.9,92,4.5,418.5,30.4,40.6,2.2,29.4,4.1,1.5,0.4
Hosine Bility,H. Bility,69111,5/10/01,Brisbane Roar FC,1802,AUS - A-League,61,2024/2025,95,Central Defender,96.98,27.4,27.53,21,0,10146.86,104.63,1105.81,357.48,36.57,108.52,6.71,466,43.29,105.29,4.52,88,10.57,3.24,0.57,0.95,1.22,29.02,31.32,3388.81,123.68,364.19,78,8.86,18.33,1.05,96.33,9.9,28.14,1.24,22.71,2.24,0.81,0.05,3815.9,138.62,573.95,239,23,82,4.33,321,27.33,44.19,2,32.43,3.05,1.38,0.52
Tae-Wook Jeong,Jeong Tae-Wook,73684,5/16/97,Western Sydney Wanderers FC,2902,AUS - A-League,61,2024/2025,95,Central Defender,99.42,27.21,26.57,5,0,10318,103.79,1300.2,380.6,34.4,99.2,5.2,479.8,39.6,106,3.8,82,10.2,1.6,0.96,0,,28,28,3560.4,130.86,438.8,93.2,9.2,19,0.8,112.2,10,26.8,1,21.6,2,0.4,0,3618.2,136.19,638.8,227.2,21,64.4,3,291.6,24,44.8,1.8,31.4,3.2,0.6,0
Nathaniel Atkinson,N. Atkinson,104563,6/13/99,Melbourne City FC,2380,AUS - A-League,61,2024/2025,95,Full Back,95.38,29.24,22.37,18,0,11024.44,115.58,1629.67,669.44,63.17,216.11,12.72,885.56,75.89,113.06,6.39,96.61,16.61,5.06,0.69,1.39,1.3,28.78,29.58,4114.44,140.72,720.06,269,26.17,86.28,4.67,355.28,30.83,40.22,2.33,31.61,4.72,1.67,0.5,3602,161.03,707.61,337.61,30.33,111.39,5.83,449,36.17,41.72,2.28,28.11,5,1.72,0.61
Nathaniel Atkinson,N. Atkinson,104563,6/13/99,Melbourne City FC,2380,AUS - A-League,61,2024/2025,95,Midfield,90.39,29.76,22.77,8,0,11653.5,128.92,1936.75,666.5,53.88,123.5,8,790,61.88,106.5,3.5,92.5,13.38,2.5,0.83,0.38,,26.99,27.66,4488.62,150.83,763.5,266.75,23.25,52.5,3.25,319.25,26.5,41.12,1.25,31.88,4.25,1,0,4127.5,181.28,999.88,356.88,26.75,64.62,3.5,421.5,30.25,38.25,0.62,28.75,3.88,0.12,0
Nathaniel Atkinson,N. Atkinson,104563,6/13/99,Melbourne City FC,2380,AUS - A-League,61,2024/2025,95,Wide Attacker,97.7,32.22,26.8,1,0,11634,119.08,1887,580,54,125,9,705,63,119,8,92,20,7,,3,,27.4,27.4,4549,141.2,836,238,19,39,3,277,22,52,3,35,4,3,1,4167,155.49,894,301,30,70,5,371,35,39,3,26,8,2,1
Germán Julio César Ferreyra,G. Ferreyra,114464,1/13/96,Melbourne City FC,2380,AUS - A-League,61,2024/2025,95,Central Defender,97.97,30.3,23.63,16,0,10474.06,106.91,1367.75,416.56,39.69,108.31,7.06,524.88,46.75,112.69,4.25,90,11.88,2.94,0.69,0.75,1.48,28.32,30.04,3821.31,126.1,525.44,127.81,12,19.38,1.38,147.19,13.38,37.12,1.25,29.75,2.88,0.81,0.12,3546.5,150.11,654,246.31,23.19,78,4.12,324.31,27.31,41.94,1.88,28.12,2.88,1.19,0.44
Cameron Drew Howieson,C. Howieson,133495,12/22/94,Auckland FC,4177,AUS - A-League,61,2024/2025,95,Center Forward,98.83,27.02,27.22,1,0,12148,122.91,2364,870,71,135,9,1005,80,136,10,125,11,4,,0,,26.1,26.1,4101,151.8,871,333,25,48,3,381,28,46,2,34,3,2,0,4835,177.65,1314,467,40,53,5,520,45,48,3,42,6,1,0
Cameron Drew Howieson,C. Howieson,133495,12/22/94,Auckland FC,4177,AUS - A-League,61,2024/2025,95,Midfield,73.53,15.02,18.55,2,0,9046.5,123.03,1840.5,697,53.5,124.5,7,821.5,60.5,104,5,88.5,16,3.5,,0.5,,27.4,27.4,2526,168.21,588,247.5,21,51,2,298.5,23,28.5,1.5,18,2.5,1,0,3377,182.05,999.5,385,30.5,62.5,3.5,447.5,34,40.5,1.5,29,7.5,1,0
Francis De Vries,F. De Vries,133498,11/28/94,Auckland FC,4177,AUS - A-League,61,2024/2025,95,Full Back,93.72,22.81,24.47,27,0,10484.81,111.87,1428.74,663.89,59.63,245.11,11.96,909,71.59,111.22,5.74,92.67,15.37,4.19,0.72,1.74,1.36,29.16,30.38,3389.59,148.62,595.3,290.78,24.67,116.19,5.11,406.96,29.78,35.48,1.89,26.33,3.85,1.26,0.56,3584.3,146.49,638.15,312.81,28.26,106.89,5.22,419.7,33.48,43.93,2.33,31.15,5,1.37,0.67
Logan Rogerson,L. Rogerson,133501,5/28/98,Auckland FC,4177,AUS - A-League,61,2024/2025,95,Center Forward,62.62,15.57,14.08,1,0,7537,120.37,1243,546,61,234,14,780,75,79,4,78,7,4,,2,,29.7,29.7,2359,151.54,473,221,25,112,6,333,31,33,1,21,3,1,1,2544,180.64,609,255,28,97,6,352,34,19,1,20,2,1,0
Logan Rogerson,L. Rogerson,133501,5/28/98,Auckland FC,4177,AUS - A-League,61,2024/2025,95,Wide Attacker,81.69,20.69,21.81,22,0,10223.09,125.14,1662.05,798.36,69.5,245.73,13.82,1044.09,83.32,104.91,6.23,87.09,15,4.14,0.69,0.82,1.29,28.92,30.32,3200,154.68,608.41,277.27,26.27,103.77,5.32,381.05,31.59,36.5,2.18,25.55,3.55,1.32,0.27,3808.45,174.6,869.95,452.59,35.64,121.09,6.5,573.68,42.14,39.82,2.41,28.91,5.32,1.45,0.23
Corey Hollman,C. Hollman,133852,9/25/03,Sydney Football Club,869,AUS - A-League,61,2024/2025,95,Midfield,95.95,31.05,22.06,9,0,12071.78,125.81,2196.44,500.44,40.44,77.11,4.67,577.56,45.11,125.56,3.67,109.78,10.44,2.33,0.82,0.33,,26.6,27.68,4719.44,152.01,860.11,101.44,10,7,0.78,108.44,10.78,47.89,0.56,38.33,2.22,0.11,0,4016.78,182.06,1129.89,359.44,26.33,63.67,2.44,423.11,28.78,44.44,1.33,32.33,4,1,0.22
Jaiden Kucharski,J. Kucharski,133853,6/25/02,Sydney Football Club,869,AUS - A-League,61,2024/2025,95,Center Forward,102.77,30.42,27.1,1,0,11763,114.46,1596,821,78,314,20,1135,98,131,10,106,25,7,,1,,31.4,31.4,4045,132.99,611,416,48,242,14,658,62,55,4,37,6,4,1,4327,159.67,833,332,29,68,5,400,34,47,2,35,6,1,0
Jaiden Kucharski,J. Kucharski,133853,6/25/02,Sydney Football Club,869,AUS - A-League,61,2024/2025,95,Wide Attacker,62.23,18.38,16.22,1,0,7626,122.54,1160,581,57,267,16,848,73,68,7,55,16,5,,2,,30.8,30.8,2682,145.89,369,273,29,163,9,436,38,28,3,18,6,2,0,2803,172.85,704,269,23,87,5,356,28,21,2,17,3,2,2
Adrian Segecic,A. Segecic,133854,6/1/04,Sydney Football Club,869,AUS - A-League,61,2024/2025,95,Center Forward,92.63,21.63,20.55,1,0,11007,118.82,1705,664,66,400,21,1064,87,109,7,89,17,3,,0,,29.8,29.8,3632,167.89,812,328,35,231,11,559,46,40,2,28,6,2,0,3536,172.07,721,301,27,153,10,454,37,36,2,28,4,1,0
Adrian Segecic,A. Segecic,133854,6/1/04,Sydney Football Club,869,AUS - A-League,61,2024/2025,95,Midfield,90.73,26.43,23.44,5,0,10980.6,121.03,1756.8,654.8,59.6,173.6,9.6,828.4,69.2,111,6.6,90.6,16.4,4.4,0.78,1.2,1.72,29.02,29.02,3964.4,150,667.4,312.4,26.8,88.6,4.4,401,31.2,41.8,1.6,25.6,4.6,1.2,0.6,4016.8,171.34,938.6,306.6,28.2,71,4,377.6,32.2,45,2.6,35,5.4,1.4,0.2
Adrian Segecic,A. Segecic,133854,6/1/04,Sydney Football Club,869,AUS - A-League,61,2024/2025,95,Wide Attacker,82.87,24.52,20.36,6,0,10268.67,123.91,1727.67,661,68.67,232.83,13.67,893.83,82.33,109.5,6.83,85.5,22.83,4.5,0.71,1.5,1.31,28.9,29.18,3758,153.27,708.33,310.83,30.83,118,6,428.83,36.83,45.67,2.83,29.17,5.83,2.33,0.83,3526.67,173.25,861.33,305.17,30.83,96,5,401.17,35.83,35.83,1.83,26.17,6.83,0.83,0
Kota Mizunuma,K. Mizunuma,152111,2/22/90,Newcastle United Jets FC,1805,AUS - A-League,61,2024/2025,95,Full Back,94.29,31.56,24.47,2,1,10958,116.21,1829,735.5,59,183.5,11.5,919,70.5,125.5,7.5,108,18.5,4.5,,1,,27.05,27.05,4287,135.84,842.5,404,26.5,92,5,496,31.5,52,3.5,39,6.5,3,1,3673,150.12,750,277.5,24.5,74.5,4,352,28.5,41,1.5,33.5,5,0,0
Kota Mizunuma,K. Mizunuma,152111,2/22/90,Newcastle United Jets FC,1805,AUS - A-League,61,2024/2025,95,Wide Attacker,87.96,23.74,24.3,6,0,10233,116.34,1805.5,698.5,60.33,142.67,9.33,841.17,69.67,112.17,8.5,92.67,20,5.17,0.72,0.67,,27.68,27.88,3405.83,143.49,719.83,321.67,27.17,77.83,4.83,399.5,32,40,2.83,26,4.67,2.17,0.33,3707.83,152.6,856.83,314.5,27.5,44.5,3.33,359,30.83,45.67,3,33.67,7.5,1.33,0.17
Rafael Struick,R. Struick,155687,3/27/03,Brisbane Roar FC,1802,AUS - A-League,61,2024/2025,95,Wide Attacker,61.35,11.38,23.62,1,0,7571,123.41,1098,466,49,256,9,722,58,85,5,66,11,5,,1,,31.5,31.5,1637,143.81,296,167,16,94,2,261,18,21,1,12,2,1,0,3825,161.96,695,260,31,157,6,417,37,52,2,33,5,2,0
Ryan Graham Pun Teague,R. Teague,157294,1/24/02,Melbourne Victory Football Club,868,AUS - A-League,61,2024/2025,95,Midfield,98.4,26.94,24.53,27,0,11089.04,112.7,1460.85,474.93,42.11,111.15,5.81,586.07,47.93,103.78,3.26,84.7,11.44,2.19,0.71,0.78,1.45,27.47,29.4,3882,144.08,597.96,136.63,11.44,30.89,1.04,167.52,12.48,33.3,0.74,25.63,2.33,0.33,0.07,3915.11,159.58,751.78,313.59,26.3,73.7,3.41,387.3,29.7,43.22,1.11,30.04,4.07,0.67,0.22
Jordi Valadon,J. Valadon,159688,3/4/03,Melbourne Victory Football Club,868,AUS - A-League,61,2024/2025,95,Midfield,94.76,25.92,23.46,29,0,11544.59,121.84,1941.38,545.34,48.41,112.17,6.52,657.52,54.93,102.45,3.83,87.76,12,2.86,0.64,0.86,1.26,27.86,29.5,4126.48,159.2,834.55,162.97,14.66,26.38,1.41,189.34,16.07,33.31,0.86,25.69,2.52,0.55,0.07,4065.86,173.34,944.52,349.24,29.41,80.07,3.76,429.31,33.17,41.24,1.62,29.76,4.34,1.28,0.41
Marco Tilio,M. Tilio,159941,8/23/01,Melbourne City FC,2380,AUS - A-League,61,2024/2025,95,Midfield,95.96,33.95,20.17,2,0,10827,112.83,1355,585.5,54,167,8,752.5,62,88.5,4,79,11.5,2.5,,2,,29.9,29.9,4595,135.35,651.5,306,28.5,120.5,5,426.5,33.5,41,2,32,5,1,0,3037,150.6,528.5,233,20,37.5,1.5,270.5,21.5,25,1,21,2.5,0.5,0.5
Marco Tilio,M. Tilio,159941,8/23/01,Melbourne City FC,2380,AUS - A-League,61,2024/2025,95,Wide Attacker,87.78,26.81,21.54,14,0,9924.86,113.06,1351.43,590.43,58.14,189.64,11.43,780.07,69.57,97.5,5.57,79.36,13.79,4.21,0.63,1.43,1.44,29.43,30.86,3708.86,138.35,604.64,309.57,30,120.21,6.64,429.79,36.64,42,2.43,28.07,4.86,1.86,0.93,3185.21,147.87,593.57,228.14,21.5,58.14,3.07,286.29,24.57,29.71,1.57,23.36,3.5,0.57,0
Max Caputo,M. Caputo,159945,8/17/05,Melbourne City FC,2380,AUS - A-League,61,2024/2025,95,Center Forward,79.97,25.52,19.78,14,0,9577.93,119.77,1348.86,509.43,46.64,111.43,6.79,620.86,53.43,92.36,5.86,79,10.29,4.21,0.65,0.79,1.43,27.98,29.26,3581.86,140.33,532.5,253.29,22.64,70.71,3.71,324,26.36,37.71,2.29,26.43,3.36,1.86,0.5,3289.36,166.26,688.64,218.71,19.86,32.64,1.71,251.36,21.57,28.71,1.64,24.29,3,1.07,0
Max Caputo,M. Caputo,159945,8/17/05,Melbourne City FC,2380,AUS - A-League,61,2024/2025,95,Wide Attacker,98.28,35.58,18.9,1,0,11247,114.43,1610,545,61,86,8,631,69,119,7,98,17,5,,0,,27,27,4662,131.02,712,247,28,40,4,287,32,52,3,33,8,3,0,3323,175.82,758,270,28,44,4,314,32,36,2,25,3,1,0
Max Mata,M. Mata,163972,7/10/00,Auckland FC,4177,AUS - A-League,61,2024/2025,95,Center Forward,73.65,18.95,19.23,7,0,8305,112.76,1214.57,478.29,43.71,76.57,5.14,554.86,48.86,88.57,6.43,68.57,16.43,4,0.79,0.71,,27.11,27.52,2671.86,140.98,502.86,229.43,19.86,41.14,2,270.57,21.86,31.71,2,19.86,5.29,1,0.14,2942.43,153,584.86,205.71,19.71,29.71,1.86,235.43,21.57,29.43,2.14,23.86,5.29,1.29,0.29
Anas Hamzaoui,A. Hamzaoui,167167,7/14/96,Perth Glory Football Club,871,AUS - A-League,61,2024/2025,95,Full Back,85.69,19.44,29.81,5,0,9767.2,113.99,1367.8,442,40.8,100.4,5.4,542.4,46.2,113.6,4.6,98.4,14.2,3.2,0.9,0,,27.16,27.16,2703,139.04,476.8,132.8,12,24.6,1.6,157.4,13.6,29.4,1.2,21.8,2.6,1,0,4242.8,142.31,733.4,266.6,23.2,71.4,3,338,26.2,51,2,41.4,4.8,1.2,0
Vitor Correia da Silva,Vitor Feijão,170488,8/1/96,Central Coast Mariners Football Club,870,AUS - A-League,61,2024/2025,95,Wide Attacker,73.77,18.74,24.39,5,0,8415.4,114.08,1207.6,497.2,52.4,186.8,10.8,684,63.2,101.4,8.6,92.6,15.2,6,0.68,2.6,1.32,29.74,29.74,2577.2,137.55,434.8,183.6,19.8,73.4,3.6,257,23.4,33.4,2.4,25.2,3.8,1.6,0.4,3526.4,144.6,672.2,284.2,28.4,91.4,4.6,375.6,33,43.6,3.4,35.4,6.6,2.4,1.2
Phillip Cancar,P. Cancar,176224,5/11/01,Newcastle United Jets FC,1805,AUS - A-League,61,2024/2025,95,Central Defender,94.15,26.99,28.17,6,0,10068.5,106.94,1234.5,415.67,38.67,138.17,7.33,553.83,46,114.83,5,90.33,11.67,3.33,0.8,1.33,1.49,28.3,28.56,3494.33,129.49,443.5,96.67,9.5,32,1,128.67,10.5,33.33,1.17,27,2,0.5,0.33,3917.17,139.07,637.83,277.33,25.33,91.17,4.5,368.5,29.83,48.83,2.17,35,4.67,1.67,0.5
Phillip Cancar,P. Cancar,176224,5/11/01,Newcastle United Jets FC,1805,AUS - A-League,61,2024/2025,95,Full Back,97.02,29.79,28.89,5,0,10544,108.68,1207.4,464.2,46.4,194.4,9.4,658.6,55.8,117.4,5.6,99.6,14.4,4.2,0.7,1.4,1.72,29.74,29.74,3747.6,125.79,447,119.8,11.6,48.8,1.8,168.6,13.4,38,1.8,30.8,3.4,0.8,0,3958.4,137.03,609,294.8,27.6,120.4,5.4,415.2,33,47.6,2.4,35,4.4,2,0.8
Walid Shour,Walid Shour,287934,6/10/96,Brisbane Roar FC,1802,AUS - A-League,61,2024/2025,95,Central Defender,97.82,33.13,27.09,4,0,11465,117.21,1646.25,582.75,51.5,133.5,9.25,716.25,60.75,121.75,7.5,98.25,14.5,5,0.66,0.75,,28.25,28.25,4475.25,135.08,652.5,167,17,27.25,2.75,194.25,19.75,43.5,2.5,34.75,4.5,1.75,0,4175,154.11,800.5,363.75,28.5,94.5,5,458.25,33.5,44,2,30.75,3.75,1.5,0.25
Walid Shour,Walid Shour,287934,6/10/96,Brisbane Roar FC,1802,AUS - A-League,61,2024/2025,95,Full Back,74.18,17.18,29.23,1,0,8861,119.45,1259,318,32,88,6,406,38,108,6,92,9,2,,0,,29.1,29.1,2379,138.45,382,73,9,29,2,102,11,25,1,20,2,0,0,4238,144.97,720,205,19,51,2,256,21,49,3,38,3,1,0
Walid Shour,Walid Shour,287934,6/10/96,Brisbane Roar FC,1802,AUS - A-League,61,2024/2025,95,Midfield,82.23,20.52,25.86,5,0,10713.4,130.29,2098.4,532.2,47.6,112.8,6.8,645,54.4,118,3.6,104.6,13,2.2,0.79,0.6,,27.16,27.16,3263,158.99,685.6,100.2,8.6,7.4,0.4,107.6,9,29.6,1.2,26.6,2.4,0,0,4625.4,178.86,1233.2,397.4,34.2,100.2,5.4,497.6,39.6,57.8,1.4,40.4,5.6,0.6,0
Diesel Herrington,D. Herrington,330380,8/4/04,Central Coast Mariners Football Club,870,AUS - A-League,61,2024/2025,95,Central Defender,66.62,24.06,17.44,2,0,7531,113.04,908,313.5,30,85,5.5,398.5,35.5,97,4.5,67,8,4,,1.5,,28.05,28.05,3190.5,132.62,407,103,10,13.5,0.5,116.5,10.5,37,1,26,2.5,0,0,2561,146.83,418.5,183,18,64,3.5,247,21.5,35,1,19,2.5,1,0
Diesel Herrington,D. Herrington,330380,8/4/04,Central Coast Mariners Football Club,870,AUS - A-League,61,2024/2025,95,Full Back,64.3,15.46,22,2,0,6930,107.78,795,301,27,77.5,4.5,378.5,31.5,78.5,6,71,13,2,,1,,29.35,29.35,1937,125.3,217.5,80.5,7.5,24,1,104.5,8.5,20.5,2,16.5,3,1.5,0.5,3076.5,139.84,477,196,16.5,52,2.5,248,19,36.5,2.5,30,5.5,0,0
Neicer Aldhair Acosta Mendez,N. Acosta,333110,12/12/02,Brisbane Roar FC,1802,AUS - A-League,61,2024/2025,95,Wide Attacker,82.12,25.58,23.43,1,0,8783,106.96,1092,422,47,146,7,568,54,110,5,95,13,3,,3,,30.1,30.1,3514,137.36,563,199,19,51,3,250,22,47,3,34,4,2,2,3076,131.27,459,203,22,83,3,286,25,31,1,30,3,0,0
Tass Mourdoukoutas,T. Mourdoukoutas,458606,3/3/99,Perth Glory Football Club,871,AUS - A-League,61,2024/2025,95,Central Defender,96.29,25.59,28.81,7,0,10723.43,111.37,1344.14,411,37.29,88.71,5.86,499.71,43.14,105.43,3.57,86.57,9.29,2.29,0.82,1,1.61,27.21,27.64,3390.86,132.52,454.14,71.29,7.57,8.71,0.29,80,7.86,31.29,0.57,24.86,2.29,0,0,4284.43,148.73,711.71,307.43,25.57,71,4.43,378.43,30,46,1.29,34.43,3.43,0.86,0.43
Jing Lual Reec,J. Reec,471017,6/12/03,Melbourne Victory Football Club,868,AUS - A-League,61,2024/2025,95,Wide Attacker,62.2,17.42,13.57,1,0,6746,108.46,828,377,43,211,12,588,55,68,7,53,18,5,,2,,29.6,29.6,2443,140.27,415,199,26,169,8,368,34,31,3,18,6,2,1,1845,136,278,144,12,27,2,171,14,16,2,15,3,2,1
Florin Bérenguer,F. Bérenguer,560882,4/1/89,Brisbane Roar FC,1802,AUS - A-League,61,2024/2025,95,Center Forward,70.29,19.38,21.74,6,0,8568.33,121.9,1071.17,326,31.17,64.17,4.17,390.17,35.33,83.33,3.17,68.33,8.83,1.5,0.8,0.67,,27.62,28.22,2846.33,146.91,422.67,163.67,14.5,38.33,2.17,202,16.67,30.5,0.5,22,2.83,0.17,0,3505,161.21,577.17,141.5,14.5,25,0.83,166.5,15.33,32.33,1,25,3.5,0.5,0.33
Florin Bérenguer,F. Bérenguer,560882,4/1/89,Brisbane Roar FC,1802,AUS - A-League,61,2024/2025,95,Midfield,68.77,23.75,18.8,5,0,8463.8,123.08,1140.8,331.4,33.6,97.8,5.4,429.2,39,77.8,2.4,68.6,6.4,1.4,0.87,0.4,,27.56,27.56,3363.4,141.6,463.6,128.8,12.8,45.2,1.8,174,14.6,30.2,0.8,23.8,2.4,0.6,0.2,3063.4,162.95,584,180.8,17.6,45.2,2.4,226,20,25,0.2,23.2,2.4,0.2,0
Florin Bérenguer,F. Bérenguer,560882,4/1/89,Brisbane Roar FC,1802,AUS - A-League,61,2024/2025,95,Wide Attacker,67.32,13.18,18.83,1,0,8100,120.33,1185,393,32,44,2,437,34,78,3,62,13,0,,0,,26.9,26.9,1967,149.2,310,117,9,9,0,126,9,27,1,16,3,0,0,3192,169.49,720,258,21,35,1,293,22,28,1,22,4,0,0
Jed Drew,J. Drew,560891,8/29/03,Macarthur FC,1804,AUS - A-League,61,2024/2025,95,Midfield,78.72,17,25.55,1,0,9523,120.98,1369,697,78,413,18,1110,96,109,7,91,16,6,,4,,30.5,30.5,2562,150.71,461,319,36,214,9,533,45,32,3,23,3,3,2,4039,158.08,744,351,36,164,7,515,43,49,2,31,5,1,1
Jed Drew,J. Drew,560891,8/29/03,Macarthur FC,1804,AUS - A-League,61,2024/2025,95,Wide Attacker,73.83,20.86,22.41,10,0,8704.8,117.91,1176.1,587.4,63.6,325,15.2,912.4,78.8,94.6,7.6,76.7,15.4,6.6,0.64,2.6,1.17,30.94,31.68,3057.8,146.61,530.7,341.3,36.4,227.9,10.2,569.2,46.6,35.9,3,22.9,4.4,2.7,1.4,3171.3,141.49,515.1,200.1,21.1,73.7,3.4,273.8,24.5,31.9,2.2,25.7,4.4,1.8,0.7
Ethan Alagich,E. Alagich,560893,12/18/03,Adelaide United Football Club,866,AUS - A-League,61,2024/2025,95,Full Back,96.53,31.42,23.75,1,1,11530,119.44,1552,559,57,213,10,772,67,109,5,93,18,1,,1,,29.7,29.7,4360,138.78,574,177,17,40,3,217,20,36,2,30,4,0,0,3911,164.67,793,330,32,158,5,488,37,41,2,29,6,1,1
Ethan Alagich,E. Alagich,560893,12/18/03,Adelaide United Football Club,866,AUS - A-League,61,2024/2025,95,Midfield,97.67,28.09,26.45,25,0,12199.52,124.91,1975.64,490.12,42.52,97.12,4.96,587.24,47.48,109.04,3.4,95.4,14,2.44,0.62,0.76,1.34,27.16,29.36,4362.52,155.3,732.84,131.36,13.4,32.36,1.28,163.72,14.68,33.96,0.84,28.08,2.8,0.48,0.08,4571.16,172.81,1090.36,334.4,26.52,58.56,2.56,392.96,29.08,47.24,1.44,36.44,5.32,0.8,0.32
Alexandar Popovic,A. Popovic,560894,9/7/02,Sydney Football Club,869,AUS - A-League,61,2024/2025,95,Central Defender,97.21,27.84,21.8,15,0,10580.87,108.84,1534.13,502.2,44,145.93,8.07,648.13,52.07,114.47,5.53,91.2,12.87,3.07,0.72,0.8,1.72,28.93,30.74,3605.67,129.5,502.8,111.4,10.67,21.67,1.07,133.07,11.73,37.27,1.4,30.07,2.87,0.47,0,3596.13,164.99,788.07,336.87,28.87,117.33,5.4,454.2,34.27,42.67,2.07,28.73,3.93,0.93,0.47
Isaías Sánchez Cortés,Isaias,560895,2/9/87,Adelaide United Football Club,866,AUS - A-League,61,2024/2025,95,Central Defender,94.91,30.98,28.32,4,1,10607.25,111.76,1358.75,408.75,36.5,110.5,8,519.25,44.5,112.75,3.5,94.75,12.25,3.5,0.83,0.25,,27.23,27.23,3917.75,126.48,533.75,84.5,7.25,13.75,1,98.25,8.25,36,0.75,30.75,2.75,0.25,0,4137,146.08,689.25,282.75,25.25,81.75,5.5,364.5,30.75,47,1.5,36,4,1.5,0.25
Isaías Sánchez Cortés,Isaias,560895,2/9/87,Adelaide United Football Club,866,AUS - A-League,61,2024/2025,95,Midfield,97.63,27.85,25.24,4,0,11494,117.73,2013.25,606,50.25,113.75,5.5,719.75,55.75,120,4.25,101,17.25,3.75,0.83,0.75,,27.12,27.12,4059.5,145.76,810.5,116,8.5,8.75,0.25,124.75,8.75,39.25,1.5,30.75,3.25,0.75,0.25,4288.75,169.91,1067.25,453.25,35.5,98.5,3.5,551.75,39,48.75,1.5,35.5,7,1.5,0.25
Louis Zabala,L. Zabala,560898,1/25/01,Brisbane Roar FC,1802,AUS - A-League,61,2024/2025,95,Central Defender,102.23,26.08,33.93,1,0,12103,118.39,1633,485,36,49,4,534,40,123,4,99,16,1,,1,,26.9,26.9,3844,147.37,676,187,12,24,1,211,13,29,0,23,4,0,0,4772,140.63,706,268,19,12,1,280,20,54,2,39,2,0,0
Louis Zabala,L. Zabala,560898,1/25/01,Brisbane Roar FC,1802,AUS - A-League,61,2024/2025,95,Full Back,86.82,23.45,24.28,7,0,9846.86,113.42,1330,505.29,43.43,96.43,6,601.71,49.43,105.14,5.71,88.57,15.86,3.86,0.68,0.43,,26.93,27.52,3374,143.85,520.71,192.57,16.71,38.57,2.29,231.14,19,34.14,1.86,25.71,4.71,1,0,3526.14,145.25,623.43,255.57,21.71,49.29,2.71,304.86,24.43,41,2.14,29.29,4,1.14,0.29
Louis Zabala,L. Zabala,560898,1/25/01,Brisbane Roar FC,1802,AUS - A-League,61,2024/2025,95,Midfield,74.68,16.05,26.77,3,0,9846,131.85,1728.67,430.67,36.33,65,4,495.67,40.33,90,2.33,84.33,10.67,0,,0,,26.53,26.53,2558,159.38,491,97,8,8.67,0.33,105.67,8.33,20.67,0,17.33,2,0,0,4720.67,176.36,1103.33,317.33,26,50.67,2,368,28,45,0.67,38.33,4.67,0,0
Henry Hore,H. Hore,560901,8/17/99,Brisbane Roar FC,1802,AUS - A-League,61,2024/2025,95,Center Forward,93.08,27.34,24.46,3,0,11623.67,124.87,1934.67,574.67,49.33,88.67,5,663.33,54.33,117.33,4.33,104.33,12.67,4.33,0.83,1,,26.53,26.53,4199,153.59,775.33,243.67,19.33,40.67,2,284.33,21.33,45,1.33,33,4.33,0.67,0,4242.67,173.45,1019.67,274.33,23.33,34.33,1,308.67,24.33,40.33,1.33,32.67,3.67,1,0
Henry Hore,H. Hore,560901,8/17/99,Brisbane Roar FC,1802,AUS - A-League,61,2024/2025,95,Midfield,97.15,32.94,27.28,2,0,12648.5,130.2,2160,515.5,50.5,69,4.5,584.5,55,121,4,107.5,13,2,,0.5,,25.75,25.75,4997.5,151.71,906,271.5,22.5,33,1.5,304.5,24,50.5,2,38.5,3.5,1.5,0.5,4647,170.32,1089.5,227.5,26.5,26.5,1.5,254,28,40,0.5,32.5,4,0,0
Henry Hore,H. Hore,560901,8/17/99,Brisbane Roar FC,1802,AUS - A-League,61,2024/2025,95,Wide Attacker,83.9,22.13,24.32,5,0,10611.8,126.48,1807.4,616.2,51.8,94.4,6.6,710.6,58.4,105.6,3.6,94,12.8,2.2,0.67,0.4,,26.58,26.58,3462.2,156.45,724.6,277.2,23.6,60.2,3.2,337.4,26.8,36,1.2,25.4,3.8,0.8,0.2,4055.2,166.74,914.8,299.8,22.6,27.8,1.8,327.6,24.4,40.4,1.6,33.2,4.2,0.8,0
Noah Botić,N. Botić,560916,1/11/02,Western United,1803,AUS - A-League,61,2024/2025,95,Center Forward,84.77,24.26,24.75,24,0,10407.62,122.78,1476.62,633.71,62.62,209,12.54,842.71,75.17,104.12,7.96,85.08,16.5,6.12,0.62,1.58,1.37,28.98,30.16,3581.88,147.65,616.67,309.88,29.83,117.54,6.54,427.42,36.38,39.46,2.75,25.62,4.62,2.08,0.62,3955.88,159.86,709.54,283.83,27.96,83.38,4.46,367.21,32.42,36.67,2.29,30.12,5.71,1.83,0.29
Rhys Bozinovski,R. Bozinovski,560917,7/3/04,Western United,1803,AUS - A-League,61,2024/2025,95,Midfield,85.11,23.78,25.37,24,0,10817.08,127.09,1890.58,531.75,47.21,130.29,6.79,662.04,54,108.5,4.46,93.46,14.17,2.96,0.65,0.96,1.21,28.18,30.14,3753.17,157.86,728.54,175.17,15.33,37.21,1.83,212.38,17.17,36.5,1.33,29.5,3,0.71,0.08,4322.12,170.37,1014.17,325,28.71,86.83,3.92,411.83,32.62,45.58,1.67,34.33,5.75,1.17,0.33
Antonee Alan Burke-Gilroy,A. Burke-Gilroy,560983,10/3/97,Brisbane Roar FC,1802,AUS - A-League,61,2024/2025,95,Full Back,90.52,25.83,26.27,20,0,10529.35,116.33,1348.9,535.75,54.5,224.8,11.5,760.55,66,108.5,5.45,92.8,14.8,3.9,0.64,1.6,1.27,30.16,31.6,3680,142.46,549.75,187.45,20,88.15,4,275.6,24,35.95,1.55,27.8,4.35,1,0.4,3893.25,148.17,645.3,298.8,28.65,115.85,5.6,414.65,34.25,43.45,2.05,30.5,4.25,1.5,0.75
Antonee Alan Burke-Gilroy,A. Burke-Gilroy,560983,10/3/97,Brisbane Roar FC,1802,AUS - A-League,61,2024/2025,95,Wide Attacker,61.37,10.43,26.27,1,0,8629,140.61,1610,584,57,158,7,742,64,86,7,79,11,6,,1,,31,31,1877,179.9,427,157,16,51,2,208,18,18,3,12,2,2,0,4522,172.16,1068,394,36,90,4,484,40,53,2,43,6,2,1
David Williams,D. Williams,560984,2/26/88,Perth Glory Football Club,871,AUS - A-League,61,2024/2025,95,Center Forward,99.1,22.62,34.93,1,0,11082,111.83,1404,467,39,30,3,497,42,103,5,93,8,3,,0,,25.7,25.7,3261,144.19,525,276,21,12,1,288,22,33,2,26,3,2,0,4835,138.41,760,155,16,17,0,172,16,40,2,38,2,1,0
David Williams,D. Williams,560984,2/26/88,Perth Glory Football Club,871,AUS - A-League,61,2024/2025,95,Wide Attacker,68.52,15.38,28.25,1,0,8153,118.99,1342,375,33,80,5,455,38,83,3,76,13,2,,0,,28,28,2186,142.1,449,156,13,27,1,183,14,22,1,12,1,0,0,4121,145.88,813,212,16,46,2,258,18,42,1,34,6,0,0
Keegan Jelacic,K. Jelacic,560986,7/31/02,Brisbane Roar FC,1802,AUS - A-League,61,2024/2025,95,Center Forward,92.59,28.18,26.04,3,0,11875,128.25,1884.33,749,64,230.33,12.67,979.33,76.67,106,5,83.67,12.67,4.33,0.84,0.33,,29.07,29.07,4399,156.12,775,292.33,26.33,115,5.33,407.33,31.67,41.67,2,29.33,4,1,0.33,4374.33,167.96,953,418.33,33.67,108,4.67,526.33,38.33,35.67,1.33,28,3.67,1.33,0
Keegan Jelacic,K. Jelacic,560986,7/31/02,Brisbane Roar FC,1802,AUS - A-League,61,2024/2025,95,Full Back,95.68,24.73,31.67,1,0,11235,117.42,1369,525,57,202,13,727,70,120,6,103,15,6,,0,,29.5,29.5,3583,144.87,612,218,26,81,4,299,30,41,1,31,5,1,0,4394,138.76,625,240,23,73,4,313,27,44,2,36,3,2,0
Keegan Jelacic,K. Jelacic,560986,7/31/02,Brisbane Roar FC,1802,AUS - A-League,61,2024/2025,95,Midfield,103.77,30.95,28.18,1,0,12784,123.2,2020,725,67,209,11,934,78,114,2,94,7,1,,0,,28.1,28.1,4900,158.32,949,355,33,71,3,426,36,45,0,29,3,0,0,4459,158.21,923,355,29,111,6,466,35,46,0,40,3,0,0
Keegan Jelacic,K. Jelacic,560986,7/31/02,Brisbane Roar FC,1802,AUS - A-League,61,2024/2025,95,Wide Attacker,92.76,24.57,27.9,16,0,11266.56,121.46,1761.94,677.38,62.94,205.81,11.5,883.19,74.44,110.62,5.56,91.25,15.75,3.88,0.67,1.12,1.47,28.94,30.12,3731.94,151.87,691.81,265.38,25.69,92.44,4.81,357.81,30.5,39.44,2.12,25.88,4.25,1.62,0.25,4393.88,157.5,911.44,363.19,31.38,96.88,4.88,460.06,36.25,42.62,2,34.25,5.44,1.31,0.19
Trent Ostler,T. Ostler,560987,4/3/02,Perth Glory Football Club,871,AUS - A-League,61,2024/2025,95,Full Back,94.57,26.71,28.54,4,0,10945.25,115.74,1645.5,643.5,62,158.75,11.25,802.25,73.25,133.5,7.25,116.75,18.5,5,0.73,1,1.61,27.88,27.88,3698,138.46,611.5,267.25,24.75,82,5.25,349.25,30,45.75,2.75,36,4.75,1.75,0.5,4235.5,148.4,834.25,326.5,29.75,67,4.5,393.5,34.25,54,2.25,41.25,6.5,2,0.5
Trent Ostler,T. Ostler,560987,4/3/02,Perth Glory Football Club,871,AUS - A-League,61,2024/2025,95,Wide Attacker,87.01,18.76,29.68,14,0,10559.07,121.35,1657,710.21,64.5,229.14,12.79,939.36,77.29,113,6.79,98.5,17.86,4.36,0.66,1.57,1.27,29.08,30.02,2962.93,157.95,589.43,296.21,26.57,131.93,6.14,428.14,32.71,34.07,2.5,21.57,3.93,1.79,0.5,4494.79,151.47,892.79,366.21,31.86,84.29,4.86,450.5,36.71,48.21,2.14,41.21,7.57,1.21,0.43
Tomislav Mrčela,T. Mrčela,560989,10/1/90,Perth Glory Football Club,871,AUS - A-League,61,2024/2025,95,Central Defender,98.13,22.98,31.73,19,0,10100.05,102.93,1160.53,331.05,28.42,54.74,3.05,385.79,31.47,102.68,3.84,88.16,9.32,2.11,0.88,0.74,1.89,26.52,28.72,2795.21,121.66,307.84,61.37,5.58,9.68,0.26,71.05,5.84,23.58,0.74,20.63,1.79,0.05,0.05,4439.79,139.94,709.11,241.68,19.84,41,1.58,282.68,21.42,50.58,1.74,38.16,3.53,0.89,0.16
Alex Bonetig,A. Bonetig,560990,8/20/02,Western Sydney Wanderers FC,2902,AUS - A-League,61,2024/2025,95,Central Defender,99.48,27.49,27.73,26,0,10226.35,102.8,1168.65,329.73,29.88,82.77,4.58,412.5,34.46,103.54,4.38,81.81,8.62,2.65,0.7,0.42,1.63,28.17,31.18,3454.04,125.64,413.12,85.5,7.42,16.58,0.81,102.08,8.23,29.27,1.27,23.46,1.96,0.65,0,3783.19,136.44,589.58,212.85,19,59.92,2.46,272.77,21.46,43.58,1.77,31.85,2.81,0.77,0.15
Daniel Wilmering,D. Wilmering,560992,12/19/00,Newcastle United Jets FC,1805,AUS - A-League,61,2024/2025,95,Full Back,99.23,29.72,28.14,21,1,11308.14,113.96,1613.81,781.1,74.29,320.48,16.29,1101.57,90.57,128,9.14,108.43,20.86,7.19,0.59,2.52,1.21,29.87,31.24,4133.9,139.12,709.95,347,33.05,160.52,7.67,507.52,40.71,44.33,3.67,33.86,5.57,2.81,1,4033.1,143.31,693.62,363.86,34.19,139.33,7.24,503.19,41.43,52.05,2.81,36.05,6.86,1.95,0.71
Marlee Francois,M. Francois,582974,12/29/02,Auckland FC,4177,AUS - A-League,61,2024/2025,95,Wide Attacker,64.63,16.06,17.31,6,0,7752,119.95,1203.17,607,55.83,184.83,9.67,791.83,65.5,84.67,6.67,71.83,16.33,5.67,0.71,1.33,1.51,28.53,28.74,2384.83,148.54,439.17,248.5,24.5,101.33,4.67,349.83,29.17,28.67,2,17.83,3.83,2,0.33,2737,158.08,611.67,295.83,24.17,64.67,3.33,360.5,27.5,31.5,1.67,24.33,5.33,1.5,0
Jesse Randall,J. Randall,624628,8/19/02,Auckland FC,4177,AUS - A-League,61,2024/2025,95,Center Forward,66.12,17.57,18.19,4,0,8043.25,121.64,1381.25,619,63,206.75,12.25,825.75,75.25,88,8.25,77.25,11,6,0.77,2.25,1.37,28.93,28.93,2556.25,145.45,496,254.25,27,128.75,6.75,383,33.75,30,3,21,3.75,2.25,1.25,3106,170.78,744.75,310.75,28.75,58.75,4.25,369.5,33,32.75,2.25,25.75,3,1.75,0.25
Jesse Randall,J. Randall,624628,8/19/02,Auckland FC,4177,AUS - A-League,61,2024/2025,95,Wide Attacker,66.6,13.65,21.25,1,0,8328,125.05,1310,805,82,360,19,1165,101,99,12,69,33,10,,3,,30.8,30.8,2441,178.83,566,325,35,183,10,508,45,28,5,12,9,4,2,3304,155.48,660,441,40,164,7,605,47,42,4,28,11,3,1
Isaac Hughes,I. Hughes,698137,3/25/04,Wellington Phoenix FC,867,AUS - A-League,61,2024/2025,95,Central Defender,95.57,25.03,29.78,24,0,10029.88,104.95,1182.42,378.42,35.71,117.29,5.92,495.71,41.62,113.71,5.12,92.25,10.04,3.79,0.63,1.04,1.11,28.88,31,3213.92,128.39,414.75,101.54,9.5,25.17,1.17,126.71,10.67,32.62,1.17,25.38,1.96,0.62,0.04,4039.04,135.61,599.33,228.62,20.88,77.79,3.29,306.42,24.17,52.58,2.21,39,3.75,1.67,0.5
Lukas Kelly-Heald,L. Kelly-Heald,698141,3/18/05,Wellington Phoenix FC,867,AUS - A-League,61,2024/2025,95,Full Back,99.53,27.46,31.53,2,0,10975.5,110.27,1378,538.5,52.5,227,11.5,765.5,64,133,8.5,117.5,15.5,7.5,,1.5,,29,29,3538,128.85,461,151.5,14.5,55.5,2,207,16.5,42,2,31,4,1,0,4441.5,140.85,747,344,33,162,7,506,40,66.5,3.5,46,6,3.5,0.5
Lukas Kelly-Heald,L. Kelly-Heald,698141,3/18/05,Wellington Phoenix FC,867,AUS - A-League,61,2024/2025,95,Midfield,85.99,21.43,27.65,4,0,10891.25,126.66,2016.25,589.25,47.25,101,6.5,690.25,53.75,108.25,3.75,91,11.75,1.25,0.83,0.25,,26.57,26.57,3252.5,151.78,649.25,123.25,9.75,13.25,0.75,136.5,10.5,30,0.75,22.75,2.5,0.5,0.25,4688.75,169.6,1164.25,417,33.5,77,4.75,494,38.25,52.5,1.5,38.75,5.5,0.25,0
Lukas Kelly-Heald,L. Kelly-Heald,698141,3/18/05,Wellington Phoenix FC,867,AUS - A-League,61,2024/2025,95,Wide Attacker,79.67,19.39,26.71,4,0,10027.75,125.86,1754.5,711.5,57.25,172.25,8.5,883.75,65.75,109.5,6.75,91,15.5,4.75,0.77,0.75,1.97,28.55,28.55,2910.75,150.1,584.5,225.75,20.5,83.5,3,309.25,23.5,33.5,1.75,22.25,2.75,1,0.25,4312.75,161.45,1012.5,410.25,31.75,81,3.75,491.25,35.5,51.5,2.25,38.5,8,1.5,0.5
Fin Conchie,F. Conchie,698142,8/10/03,Wellington Phoenix FC,867,AUS - A-League,61,2024/2025,95,Midfield,68.12,22.47,19.78,2,0,8945.5,131.31,1820,496,42,45.5,3,541.5,45,106,3.5,93,13.5,1,,0,,25.8,25.8,3683.5,163.95,916.5,240.5,18,13.5,1,254,19,38.5,1.5,30,3,0,0,3333,168.48,804.5,238.5,21.5,29.5,1.5,268,23,45,1.5,30.5,6,0.5,0
Thomas Aquilina,T. Aquilina,735573,2/2/01,Newcastle United Jets FC,1805,AUS - A-League,61,2024/2025,95,Central Defender,98.65,27.6,33.3,1,1,10640,107.86,1283,351,31,76,4,427,35,110,7,85,12,5,,0,,28.7,28.7,3399,123.15,473,127,13,40,1,167,14,34,2,24,2,2,0,4591,137.87,664,201,16,33,1,234,17,53,2,36,4,2,0
Thomas Aquilina,T. Aquilina,735573,2/2/01,Newcastle United Jets FC,1805,AUS - A-League,61,2024/2025,95,Full Back,98.59,30.41,27.14,10,0,10997.4,111.54,1523.3,674.8,59.6,227.8,11.1,902.6,70.7,108.4,5.5,90,15.4,4.3,0.74,2.1,1.34,29.66,30.46,3958.4,130.17,602.7,262.7,23.9,105.6,4.5,368.3,28.4,38.4,1.8,27.7,4.3,1.2,0.5,3991.6,147.1,725.3,347.8,30.7,101.7,5.2,449.5,35.9,42.7,2.2,31.7,5,1.5,0.6
Thomas Aquilina,T. Aquilina,735573,2/2/01,Newcastle United Jets FC,1805,AUS - A-League,61,2024/2025,95,Midfield,98.2,38.07,18.12,1,0,11334,115.42,1711,769,71,236,14,1005,85,119,4,101,16,3,,1,,28,28,5322,139.81,893,404,36,110,5,514,41,55,1,48,4,0,0,2904,160.29,641,286,27,124,7,410,34,33,2,20,5,2,1
Thomas Aquilina,T. Aquilina,735573,2/2/01,Newcastle United Jets FC,1805,AUS - A-League,61,2024/2025,95,Wide Attacker,95.22,27.05,28.58,13,0,11470.46,120.46,1873.77,814,64.54,189.15,10.15,1003.15,74.69,107.23,4.77,89.77,14.85,3.46,0.71,0.54,1.46,28.29,29.46,3921.46,144.96,719.77,333.62,26,96.62,4.38,430.23,30.38,40.69,1.77,26.23,4.08,1.15,0.54,4459.38,156.01,948.46,421.85,32.69,79,4.15,500.85,36.85,42.15,1.62,34.38,5.31,1.08,0
Kosta Grozos,K. Grozos,735574,8/10/00,Newcastle United Jets FC,1805,AUS - A-League,61,2024/2025,95,Central Defender,99.29,29.49,28.34,16,1,10174.81,102.48,1143.75,308.81,28.75,76.44,4,385.25,32.75,98.75,3.44,80.62,6.69,1.44,0.75,0.31,1.66,28.27,29.7,3674.88,124.61,413.44,65.88,6.06,14.12,0.38,80,6.44,30.25,0.75,25.88,1.69,0.19,0,3688.38,130.13,569.81,206.56,19.69,55.19,2.38,261.75,22.06,42.81,1.5,31.88,2.44,0.69,0.19
Kosta Grozos,K. Grozos,735574,8/10/00,Newcastle United Jets FC,1805,AUS - A-League,61,2024/2025,95,Midfield,99.08,27.49,29.46,6,0,11769,118.78,1809.33,502.67,40.67,118.67,4.5,621.33,45.17,100.17,2.83,90.33,7.33,2.17,0.77,0.33,,28.32,28.98,3924.5,142.78,736.83,112.17,9,11.17,0.33,123.33,9.33,28.17,0.83,23.5,1.83,0.67,0,4796.5,162.84,938,367,30.17,100.67,3.33,467.67,33.5,47.17,1,38.33,3,0.83,0.17
Mohamed Al-Taay,M. Al-Taay,735576,6/15/00,Wellington Phoenix FC,867,AUS - A-League,61,2024/2025,95,Midfield,62.65,22.97,21.08,1,0,7877,125.73,1320,550,41,29,1,579,42,108,4,100,11,3,,0,,24.7,24.7,3192,138.98,665,163,12,5,0,168,12,42,1,30,2,1,0,3305,156.76,590,357,26,21,0,378,26,51,1,43,3,1,0
Mohamed Al-Taay,M. Al-Taay,735576,6/15/00,Western Sydney Wanderers FC,2902,AUS - A-League,61,2024/2025,95,Midfield,79.6,22.07,27.97,1,0,9873,124.03,1792,312,30,8,2,320,32,113,3,107,12,0,,0,,24.3,24.3,3190,144.56,632,62,8,5,0,67,8,34,1,26,2,0,0,4467,159.73,1055,236,19,2,0,238,19,48,2,43,6,0,0
Mark Natta,M. Natta,735578,11/28/02,Newcastle United Jets FC,1805,AUS - A-League,61,2024/2025,95,Central Defender,96.26,27.92,28.61,16,1,9949.75,103.37,1127.81,337.31,33.31,94.25,5.38,431.56,38.69,106,4.19,85.25,9.62,3.19,0.66,0.88,1.35,28.29,30.22,3487.19,124.91,411.5,79.81,8.31,20.69,0.94,100.5,9.25,33.25,1.12,27.56,2.38,0.62,0.19,3729.5,130.37,562.25,221.94,21.19,65.69,3.31,287.62,24.5,44.38,1.81,33.06,3.12,1.12,0.31
Mark Natta,M. Natta,735578,11/28/02,Newcastle United Jets FC,1805,AUS - A-League,61,2024/2025,95,Full Back,99.48,28.93,29.46,3,0,10881.67,109.39,1375.33,509.67,51.67,179.67,10,689.33,61.67,110.33,7.67,100,15,5,0.92,3,1.6,30,30,3786.33,130.89,534,179.67,15.67,43.33,2.67,223,18.33,31.33,2,27.33,3,1.33,0.67,4206.67,142.81,693.67,295.33,30.67,127.33,5.67,422.67,36.33,47.33,3,37,5.33,2.33,1.67
Clarismario Santos Rodrigues,Clarismario Rodrigues,745320,7/27/01,Melbourne Victory Football Club,868,AUS - A-League,61,2024/2025,95,Full Back,65.47,15.22,15.59,2,0,6968.5,106.44,947,405,40,182,8.5,587,48.5,75,6.5,62,11,3.5,,2,,32.3,32.3,2156.5,141.72,384,194,15.5,90,3.5,284,19,22.5,2.5,17,3.5,1,0.5,2242.5,143.83,425.5,190.5,19,85,4,275.5,23,28.5,2,19,3,1.5,0.5
Clarismario Santos Rodrigues,Clarismario Rodrigues,745320,7/27/01,Melbourne Victory Football Club,868,AUS - A-League,61,2024/2025,95,Wide Attacker,87.33,25.26,20.47,9,0,9668.22,110.71,1323.56,637.56,65.44,356.89,16.22,994.44,81.67,100.89,9,80,20.33,7.44,0.58,3.33,1.1,31.8,32.52,3428.22,135.72,556.89,298.78,34.33,208.78,9.44,507.56,43.78,41.33,4,25.67,5.67,3.22,1.78,3103.44,151.59,609.22,274.89,25.33,107.67,5.11,382.56,30.44,32.33,2.22,21.89,4.44,2,0.78
Alessandro Lopane,A. Lopane,771855,4/9/04,Melbourne City FC,2380,AUS - A-League,61,2024/2025,95,Midfield,84.47,28.34,19.52,7,0,11072.71,131.09,2056.29,658.29,56.43,105,6.86,763.29,63.29,109,3.86,99.14,11.86,2.71,0.69,0.71,1.44,26.91,27.44,4463.57,157.51,853.43,309.29,26.14,56,3.57,365.29,29.71,44.14,1.43,35.29,3.57,1,0.29,3617.43,185.28,1010.71,313.43,25,42.57,1.86,356,26.86,36.29,1.29,27.86,3.43,0.71,0
Benjamin Mazzeo,B. Mazzeo,771856,7/12/05,Melbourne City FC,2380,AUS - A-League,61,2024/2025,95,Wide Attacker,83.96,27.77,22.68,5,0,10722.4,127.7,1783.2,689.2,64.8,210.2,12,899.4,76.8,113,7.4,93.8,18.4,6.2,0.7,2.2,1.37,29.56,29.56,4027,145.01,753,305.6,28,109.6,5,415.2,33,44,3,30.2,4.8,2.8,0.6,3803.6,167.73,857,302.8,29.4,83.4,5,386.2,34.4,38.6,2.2,29.6,6.2,1.4,0.8
Harry Politidis,H. Politidis,771857,6/28/02,Melbourne City FC,2380,AUS - A-League,61,2024/2025,95,Wide Attacker,79.65,25.06,20.32,11,0,9899.64,124.28,1622.45,795.55,78.18,295.27,17,1090.82,95.18,111,9.27,90.36,22.73,7.09,0.66,2.64,1.26,29.79,30.6,3702.91,147.77,713.55,415,40.18,183.91,9.36,598.91,49.55,46.09,4.18,30.91,6.45,3.36,1.64,3357.82,165.25,738.45,314.91,30,85.45,4.91,400.36,34.91,34.45,2.27,26.09,6.73,1.73,0.45
Zane William Schreiber,Z. Schreiber,771861,5/31/05,Melbourne City FC,2380,AUS - A-League,61,2024/2025,95,Midfield,74.95,23.77,18.57,10,0,10025.6,133.75,1919.2,394.5,31.1,39.5,2.8,434,33.9,91.4,2.5,84.9,8.2,1.3,0.87,0.3,,25.28,25.98,3880.6,163.23,735.1,83.8,7.6,6.3,0.3,90.1,7.9,29.4,0.2,27.9,1.4,0,0,3436.3,185.1,1009.6,287.1,20.8,31,1.2,318.1,22,34.8,0.8,27,3.6,0.5,0.1
Medin Memeti,M. Memeti,795151,6/20/07,Melbourne City FC,2380,AUS - A-League,61,2024/2025,95,Center Forward,85.7,26.7,20.5,7,0,9928.57,115.86,1325.14,601.71,59.86,153.57,9.71,755.29,69.57,98.43,7.43,84.86,13.57,5.71,0.74,1.43,1.47,28.26,29.04,3595.43,134.65,519.71,253,23.43,85.57,4.43,338.57,27.86,36.86,2.71,25.57,4.57,2.29,0.71,3409.43,166.27,679,308,30.14,54.43,3.86,362.43,34,33.57,1.71,28.43,4.14,1,0.14
Medin Memeti,M. Memeti,795151,6/20/07,Melbourne City FC,2380,AUS - A-League,61,2024/2025,95,Wide Attacker,83.01,29.09,17.98,3,0,9780.33,117.83,1404.67,604,55.67,180.67,12,784.67,67.67,102.67,5.67,83.67,14,4,0.76,1.67,,28.27,28.27,4100.67,140.97,640,325.33,30.33,114.67,6.67,440,37,46.33,3,31,5.33,1.67,0.67,2935.67,163.24,616.33,236.33,20.33,58.67,3.33,295,23.67,32,1.67,23,3,1.33,0.33
Bernardo  Oliveira,B. Oliveira,795501,3/16/04,Macarthur FC,1804,AUS - A-League,61,2024/2025,95,Wide Attacker,60.82,19.38,14.98,1,0,6982,114.8,959,488,47,190,10,678,57,77,9,62,17,7,,4,,29,29,2645,136.46,403,226,20,80,5,306,25,31,3,23,4,2,2,2275,151.84,448,220,23,93,4,313,27,24,3,17,7,3,2
Eli Adams,E. Adams,795505,3/12/02,Newcastle United Jets FC,1805,AUS - A-League,61,2024/2025,95,Center Forward,88.77,25.8,25.35,10,0,10791.4,121.56,1539.5,640.8,61.9,216.3,12.9,857.1,74.8,105,5.6,88,13.7,4.3,0.68,1.2,1.39,29.3,30.56,3890,150.76,651.9,319.1,29.5,124.3,6.5,443.4,36,40.1,2.2,27.3,3.3,1.5,0.4,3985.7,157.23,737.7,275,27.3,78.4,4.5,353.4,31.8,40.3,1.7,32.5,5.6,1.1,0.3
Eli Adams,E. Adams,795505,3/12/02,Newcastle United Jets FC,1805,AUS - A-League,61,2024/2025,95,Midfield,88.19,28.38,21.69,3,0,10397.67,117.9,1491.33,545.67,56.67,187.33,12,733,68.67,100,5.33,88.67,12,4,0.8,1.33,1.4,28.77,28.77,4053.33,142.83,648.33,282,28,108.33,6.33,390.33,34.33,38.33,2.33,30.67,2.67,1.67,0.33,3463.33,159.64,688,233,23.67,73.33,4.67,306.33,28.33,36,1.33,29.67,3.33,1.33,0
Eli Adams,E. Adams,795505,3/12/02,Newcastle United Jets FC,1805,AUS - A-League,61,2024/2025,95,Wide Attacker,89.39,25.93,26.84,9,1,11078.11,123.92,1739.33,777.89,69.33,213.56,13,991.44,82.33,113.78,6.44,96.11,17.56,4.78,0.64,1.44,1.51,28.52,29.14,3916.78,151.08,698.11,351.67,29,105,5.56,456.67,34.56,41.22,2,28.44,3.67,1.44,0.33,4284.78,159.65,885.22,386.67,35.11,99,5.78,485.67,40.89,44.78,2.44,36.78,6.67,1.67,0.67
Clayton Taylor,C. Taylor,795506,3/1/04,Newcastle United Jets FC,1805,AUS - A-League,61,2024/2025,95,Center Forward,61.32,18.43,22.83,1,0,8296,135.3,1508,590,44,60,3,650,47,77,4,70,4,4,,1,,25.8,25.8,2933,159.11,565,333,22,52,1,385,23,25,1,18,1,1,0,3730,163.36,866,219,18,7,0,226,18,40,1,33,2,1,0
Clayton Taylor,C. Taylor,795506,3/1/04,Newcastle United Jets FC,1805,AUS - A-League,61,2024/2025,95,Wide Attacker,86.84,26.13,25.95,17,1,10661.94,122.78,1690.47,769.65,69.59,241.94,13.29,1011.59,82.88,108.12,5.94,93.18,14.06,4.65,0.61,1.41,1.27,29.14,29.94,3921.12,150.05,675.47,393.59,35.76,179.35,8.71,572.94,44.47,41.94,2.71,26.76,3.88,2.35,1,3979.06,153.36,854.35,317.29,27.06,48.59,3,365.88,30.06,39.76,1.47,34.47,4.88,0.76,0.12
Lachlan Bayliss,L. Bayliss,795507,7/24/02,Newcastle United Jets FC,1805,AUS - A-League,61,2024/2025,95,Center Forward,80.62,25.85,24.32,1,0,9797,121.53,1419,620,44,74,6,694,50,87,6,73,12,4,,0,,26.8,26.8,3625,140.23,676,331,20,16,2,347,22,43,3,25,4,3,0,3756,154.46,606,216,18,38,1,254,19,21,2,24,2,1,0
Lachlan Bayliss,L. Bayliss,795507,7/24/02,Newcastle United Jets FC,1805,AUS - A-League,61,2024/2025,95,Midfield,84.61,25.31,25.29,17,1,10486.29,123.93,1513.47,372.41,32.35,73,3.82,445.41,36.18,83.47,2.76,80.65,7.18,1.53,0.7,0.24,1.5,26.61,28.34,3880.12,153.29,609.35,114.06,9.41,17.59,0.82,131.65,10.24,27.41,0.65,25.65,1.71,0.29,0,3993.24,157.91,798.53,240.35,20.88,50.71,2,291.06,22.88,34.53,0.59,30.82,3.29,0.24,0
Harrison Steele,H. Steele,795508,10/12/02,Central Coast Mariners Football Club,870,AUS - A-League,61,2024/2025,95,Midfield,93.55,25.97,28.6,23,0,12099.52,129.34,2183.74,515.22,39.57,74.39,3.65,589.61,43.22,107.09,2.87,100.04,10.39,1.96,0.71,0.3,1.61,26.42,28.46,4158.83,160.12,888.83,101.04,8.26,7.96,0.26,109,8.52,32.7,0.61,29.17,2.17,0.22,0.09,4921.83,172.1,1147.74,388.04,28.61,62.61,2.52,450.65,31.13,49.26,0.78,39.61,4.61,0.48,0.04
Christian Theoharous,C. Theoharous,795509,12/6/99,Central Coast Mariners Football Club,870,AUS - A-League,61,2024/2025,95,Wide Attacker,67.72,18.55,22.84,10,0,7228.4,106.73,911.8,382.6,39.5,109.4,6.4,492,45.9,81,5.3,66.2,14.2,4.2,0.73,0.9,1.5,28.29,29.1,2328.8,125.55,380.1,175.2,17.4,52.2,2.5,227.4,19.9,28.3,1.8,18.5,3.2,1.4,0.4,3017,132.12,458.6,184.5,19,49,2.6,233.5,21.6,34.5,1.8,26.5,5,1.3,0.3
Brian Kaltak,B. Kaltak,795510,9/30/93,Central Coast Mariners Football Club,870,AUS - A-League,61,2024/2025,95,Central Defender,98.53,27.59,29.62,26,0,10711.46,108.72,1279.73,406.77,38.54,112.88,6.5,519.65,45.04,118.12,5.46,93.31,12.88,3.69,0.59,1.42,1.22,28.74,30.46,3622.96,131.33,467.92,89.15,8.35,14.54,0.88,103.69,9.23,36.12,1.38,27.12,2.58,0.62,0.08,4195.92,141.67,645.85,281.46,26.04,87.42,3.96,368.88,30,50.19,2.19,35.65,4.12,1.58,0.65
Nathan Paull,N. Paull,795511,8/21/03,Central Coast Mariners Football Club,870,AUS - A-League,61,2024/2025,95,Central Defender,97.53,26.99,29.08,15,0,10500.2,107.66,1233.2,391.27,37.6,97.4,6.47,488.67,44.07,107.07,5.2,82.8,10.13,3.13,0.62,0.47,1.41,28.17,29.6,3420.07,126.7,417.4,93.8,9.13,17.8,0.93,111.6,10.07,32.6,1.33,24.73,2.2,0.4,0.07,4093.87,140.78,649.33,256,23.8,72.07,3.8,328.07,27.6,47.33,1.87,32.73,4.07,1.2,0.2
Nathan Paull,N. Paull,795511,8/21/03,Central Coast Mariners Football Club,870,AUS - A-League,61,2024/2025,95,Full Back,98.24,29.24,29.56,6,0,11080.33,112.79,1385.83,483,46.5,101.17,6.83,584.17,53.33,114.67,5.83,93.33,14.17,3,0.8,0.83,,27.55,28.2,3873.83,132.48,531,133.83,12.5,29.83,1.5,163.67,14,35.67,2.17,25.83,3.17,0.83,0,4226.83,142.97,680.5,319.5,28,66.33,3.33,385.83,31.33,49.33,2.17,34.67,5.33,0.83,0.5
Bradley Tapp,B. Tapp,795513,1/16/01,Central Coast Mariners Football Club,870,AUS - A-League,61,2024/2025,95,Central Defender,98.21,29.12,31.07,2,0,11080,112.82,1343,415.5,38.5,91,7,506.5,45.5,124,5.5,96.5,14.5,3.5,,0,,28.55,28.55,3898,133.84,463.5,152,14.5,16,2,168,16.5,38.5,2.5,28,3,1.5,0,4442,142.98,731.5,234.5,21,64,4.5,298.5,25.5,55.5,2,43,4.5,0.5,0
Miguel Di Pizio,M. Di Pizio,795514,1/4/06,Central Coast Mariners Football Club,870,AUS - A-League,61,2024/2025,95,Center Forward,88.65,29.38,24.37,1,0,10305,116.24,1502,448,44,56,7,504,51,105,4,77,15,1,,0,,26,26,3878,131.98,624,218,19,33,2,251,21,46,2,26,4,1,0,3793,155.66,727,203,22,21,2,224,24,32,1,24,3,0,0
Miguel Di Pizio,M. Di Pizio,795514,1/4/06,Central Coast Mariners Football Club,870,AUS - A-League,61,2024/2025,95,Wide Attacker,66.03,15.48,24.12,1,0,7760,117.52,1158,398,38,95,6,493,44,71,3,58,10,2,,0,,28.3,28.3,2215,143.06,446,198,17,49,3,247,20,23,1,17,2,1,0,3539,146.74,609,178,19,38,1,216,20,32,2,27,4,1,0
Yianni Nicolaou,Y. Nicolaou,795516,1/5/00,Macarthur FC,1804,AUS - A-League,61,2024/2025,95,Full Back,76.15,20.38,17.68,2,0,8833,115.99,1271.5,654.5,60,291,13,945.5,73,99.5,6,76.5,18,4,,0.5,,29.45,29.45,3041.5,149.22,545,254,22.5,128,4,382,26.5,35.5,1.5,25,5.5,1,0,2897,163.83,553,359.5,31,142,6,501.5,37,36,2,21.5,5,1.5,0.5
Oliver Jones,O. Jones,795518,2/6/03,Macarthur FC,1804,AUS - A-League,61,2024/2025,95,Central Defender,98.42,27.83,28.62,8,0,10259.62,104.24,1190.5,386.12,35.62,85.75,5.12,471.88,40.75,107.38,4.62,84.5,9.88,3,0.68,0.5,1.73,27.44,28.12,3696,132.81,499.88,110.88,10.25,22.75,1.12,133.62,11.38,30.12,1.25,22.12,2.5,0.75,0,3611,126.17,501.88,225,20.38,50.75,2.62,275.75,23,44.75,1.88,31.5,3.12,1.38,0.38
Tate Russell,T. Russell,795520,8/24/99,Western United,1803,AUS - A-League,61,2024/2025,95,Central Defender,87,22.38,26.22,1,0,10382,119.33,1529,716,69,343,16,1059,85,110,10,88,17,6,,3,,29.3,29.3,3300,147.43,562,249,23,206,6,455,29,29,2,22,4,1,0,3971,151.47,738,380,38,109,6,489,44,54,3,40,7,2,2
Tate Russell,T. Russell,795520,8/24/99,Western United,1803,AUS - A-League,61,2024/2025,95,Full Back,96.07,27.22,28.02,22,0,11024.41,114.75,1516.86,696.18,65.18,282.05,15.05,978.23,80.23,111.27,6.5,93.23,17.95,4.95,0.61,1.91,1.3,30.01,31.64,3669.05,134.81,564.68,229,21.68,86.45,4.18,315.45,25.86,34.18,2.09,26,4.23,1.36,0.27,4223.27,150.71,757.77,405.95,36.55,174,8.86,579.95,45.41,48.91,2.64,34.32,6.77,1.82,0.91
Alexander Badolato,A. Badolato,795521,2/23/05,Melbourne Victory Football Club,868,AUS - A-League,61,2024/2025,95,Midfield,75.37,15.8,17.85,1,0,9360,124.19,1746,594,56,113,7,707,63,99,4,83,12,4,,0,,27.3,27.3,2884,182.53,701,290,27,80,4,370,31,26,1,20,4,0,0,3227,180.78,888,285,25,32,1,317,26,40,1,27,3,1,0
Anthony Pantazopoulos,A. Pantazopoulos,795523,4/22/03,Western Sydney Wanderers FC,2902,AUS - A-League,61,2024/2025,95,Central Defender,99.01,26.96,27.69,15,0,10029.4,101.29,1056.67,309.47,29.93,92.6,4.87,402.07,34.8,103.2,4.2,78.4,10.33,2.67,0.67,0.93,1.45,29.01,30.2,3359.13,124.61,348.53,79.93,7.87,18.2,0.8,98.13,8.67,28.53,1.27,21.07,2.33,0.53,0.27,3706.47,133.86,534,186.47,18.13,67,2.67,253.47,20.8,43.27,1.93,30.33,3,1.2,0.33
Anthony Pantazopoulos,A. Pantazopoulos,795523,4/22/03,Western Sydney Wanderers FC,2902,AUS - A-League,61,2024/2025,95,Full Back,88.76,23.08,24.54,6,0,9684.5,109.11,1212,467.5,42.83,144,7,611.5,49.83,105.17,6,87.17,16.83,3.33,0.78,1,,29.08,29.42,3129.33,135.6,423.67,187.33,14.17,42.5,1.83,229.83,16,29.17,1.5,21.5,5,0.83,0.33,3503.33,142.77,594,235.33,22.83,92,3.67,327.33,26.5,42.17,1.83,32.5,4.17,0.67,0.17
Dylan Scicluna,D. Scicluna,795524,6/10/04,Western Sydney Wanderers FC,2902,AUS - A-League,61,2024/2025,95,Midfield,95.59,27.05,25.69,7,0,10901,114.04,1601.57,444.57,40.86,102.14,5.43,546.71,46.29,103,3.86,92,10,2.71,0.66,0.57,1.55,27.71,28.36,3816.86,141.09,585.57,112.57,10.29,20,0.71,132.57,11,31.57,1.14,26.71,1.86,0.86,0.14,4062.43,158.12,864.14,303.86,27.29,76.43,3.71,380.29,31,43.57,1.57,34.43,3.71,0.86,0.29
Oscar James Moncrieff Priestman,O. Priestman,795525,3/25/03,Western Sydney Wanderers FC,2902,AUS - A-League,61,2024/2025,95,Midfield,91.25,24.39,25.84,20,0,11326.2,124.13,1785.05,456.9,40.05,93.65,4.6,550.55,44.65,103.5,2.8,88.05,8.35,1.9,0.71,0.3,1.81,27.27,29.16,3684.45,151.03,581.85,94.35,8.65,19.1,0.45,113.45,9.1,30.9,0.7,24.9,1.65,0.35,0,4526.65,175.15,1067.8,334.2,27.6,68.85,2.9,403.05,30.5,44.9,0.7,34.1,3.3,0.45,0
Oscar James Moncrieff Priestman,O. Priestman,795525,3/25/03,Western Sydney Wanderers FC,2902,AUS - A-League,61,2024/2025,95,Wide Attacker,63.15,22.57,18.93,1,0,8674,137.36,1567,533,50,189,11,722,61,83,4,70,10,3,,1,,27.7,27.7,3568,158.11,614,207,19,38,2,245,21,28,1,31,1,1,0,3296,174.08,788,287,31,150,7,437,38,35,1,22,2,0,0
Zachary Sapsford,Z. Sapsford,795526,8/16/02,Western Sydney Wanderers FC,2902,AUS - A-League,61,2024/2025,95,Center Forward,70.3,19.33,19.73,20,0,8784.15,124.95,1326,541.65,48.05,160.15,8.55,701.8,56.6,69.2,4.05,57.1,8.8,3,0.67,1,1.37,29.02,30.86,3036,157.03,549.15,286.05,25.45,112.2,5.15,398.25,30.6,27.2,1.6,17.9,2.55,0.9,0.35,3225.35,163.47,630.3,205.9,17.3,38.55,1.9,244.45,19.2,22,1,19.15,2.3,0.6,0.15
Matthew Grimaldi,M. Grimaldi,795527,11/28/03,Western United,1803,AUS - A-League,61,2024/2025,95,Midfield,77.03,26.68,18.73,1,0,10127,131.46,1555,710,61,135,9,845,70,88,6,78,10,4,,1,,27.9,27.9,4142,155.23,677,336,29,85,5,421,34,35,3,30,3,2,1,3194,170.5,701,342,27,43,3,385,30,27,2,22,2,1,0
Matthew Grimaldi,M. Grimaldi,795527,11/28/03,Western United,1803,AUS - A-League,61,2024/2025,95,Wide Attacker,76.61,22.03,23.42,16,0,9997.69,130.5,1697.44,694.19,61.56,168.5,9.56,862.69,71.12,94.62,4.94,77.69,14.38,3.62,0.69,1,1.42,28.2,29.66,3527.31,160.1,703.88,331.25,29,94.31,5.25,425.56,34.25,36.06,1.62,24.25,3.5,1.19,0.38,3837.12,163.83,854.19,320.31,27.94,65.31,2.94,385.62,30.88,36,1.81,26.94,5.69,1.06,0.38
Kane Vidmar,K. Vidmar,795528,6/4/04,Western United,1803,AUS - A-League,61,2024/2025,95,Central Defender,93.53,30.14,24.6,3,0,10470.33,111.94,1379,503.33,43.67,166.33,9.33,669.67,53,123.33,4.67,99.33,15,3.67,0.98,0.33,,28.03,28.03,3822,126.81,526.33,85,10,17.33,1,102.33,11,43,1.33,33.67,3.33,0,0,3863.67,157.06,681.67,362.33,30,141.67,7,504,37,43.67,2,32,3.67,1.67,0.33
Michael Ruhs,M. Ruhs,795529,8/27/02,Western United,1803,AUS - A-League,61,2024/2025,95,Center Forward,72.92,19.25,21.8,5,0,8813.6,120.87,1198.6,586,62.4,268.6,13.6,854.6,76,86.4,6.4,67.8,16,5.6,0.66,0.8,1.76,30.5,30.5,2920.8,151.73,477.2,239.2,27.2,161.2,7.6,400.4,34.8,31,2.4,19.2,3.6,1.8,0,3435.4,157.59,631,302.8,28.8,87.4,4.8,390.2,33.6,32,2.6,25.2,5.8,2.2,0.6
Nicholas Pennington,N. Pennington,795530,12/18/98,Perth Glory Football Club,871,AUS - A-League,61,2024/2025,95,Center Forward,98.88,19.5,37.33,1,0,13046,131.93,2240,558,43,79,5,637,48,104,5,82,13,5,,0,,26.3,26.3,3385,173.59,699,155,11,28,1,183,12,33,2,19,2,0,0,6394,171.27,1442,383,31,50,3,433,34,51,2,38,7,2,0
Nicholas Pennington,N. Pennington,795530,12/18/98,Perth Glory Football Club,871,AUS - A-League,61,2024/2025,95,Midfield,94.24,21.35,31.16,17,0,12151.59,128.94,2156.06,461.06,36.76,65.12,3.71,526.18,40.47,103.82,2.53,96.71,9,1.29,0.66,0.24,,26.16,27.7,3620.29,169.53,783.53,120.82,9.71,12.65,0.59,133.47,10.29,28.12,0.53,21.24,1.71,0.12,0,5276,169.34,1215.88,317.18,24.53,49,2.06,366.18,26.59,50.35,0.71,43.47,3.94,0.41,0.06
Jarrod Carluccio,J. Carluccio,795533,2/8/01,Perth Glory Football Club,871,AUS - A-League,61,2024/2025,95,Full Back,96.52,24.64,33.15,2,0,11504.5,119.2,1714.5,768,73,305.5,15,1073.5,88,128,9,106.5,25,6,,2,,29.15,29.15,3547.5,143.96,671.5,285,27,87,5,372,32,41.5,4,29,6,2,0.5,4936,148.9,875,450,42,206.5,8.5,656.5,50.5,60,3,42,11,2.5,1
Jarrod Carluccio,J. Carluccio,795533,2/8/01,Perth Glory Football Club,871,AUS - A-League,61,2024/2025,95,Wide Attacker,92.17,15.28,31.69,3,0,11307,122.67,1877.67,825,73,235.67,13.33,1060.67,86.33,124.33,6,99,20.33,3.67,0.83,1,,27.87,27.87,2461,161.08,519.67,266.33,23.67,99,5,365.33,28.67,29.67,2,17.67,3.33,1,0.67,5271,166.31,1155,499.67,41,119,6.67,618.67,47.67,66.33,2,47.33,8.33,1.33,0.33
Jarrod Carluccio,J. Carluccio,795533,2/8/01,Western Sydney Wanderers FC,2902,AUS - A-League,61,2024/2025,95,Full Back,75.38,20.83,28.87,1,0,9184,121.83,1514,725,60,109,10,834,70,99,6,82,21,2,,0,,26.7,26.7,2897,139.06,423,206,18,34,2,240,20,34,2,20,4,0,0,4051,140.33,887,471,37,75,5,546,42,41,2,29,8,1,0
Thomas Waddingham,T. Waddingham,795537,4/5/05,Brisbane Roar FC,1802,AUS - A-League,61,2024/2025,95,Center Forward,92.5,24.27,27.91,10,0,11204,121.12,1563.6,497.9,48.9,122.5,8.4,620.4,57.3,100.1,5.6,83.1,11,3.9,0.72,0.7,1.47,28.2,29.52,3360.1,138.44,483,184.8,18.8,59.7,3.2,244.5,22,33.2,2,22,3,1.6,0.2,4725.7,169.31,966.5,276.8,26.7,57.6,3.3,334.4,30,38.9,1.9,33.6,4,0.8,0.2
Wataru Kamijo,W. Kamijo,795544,4/17/06,Sydney Football Club,869,AUS - A-League,61,2024/2025,95,Midfield,81.31,25.4,20.53,4,0,9793,120.44,1607.75,515.5,42,68.25,4.5,583.75,46.5,92.25,3.25,81.5,11.5,2.25,0.74,0.25,,26.27,26.27,3548.5,139.73,519.5,72,6.5,11,0.75,83,7.25,34,1.25,26.75,1.75,1,0,3695.25,180,1000,433.25,31.25,54,2.75,487.25,34,34,1.25,27,4.5,1,0
Aaron Gurd,A. Gurd,795545,9/18/01,Sydney Football Club,869,AUS - A-League,61,2024/2025,95,Central Defender,93.74,25.52,23.07,3,0,9415.33,100.44,1163,385,37.67,94,7,479,44.67,99,4.33,82.33,8.33,4.33,0.89,0.33,,27.9,27.9,2972.33,116.46,336.33,52,6.33,15.33,1,67.33,7.33,28,0.67,25,2,0,0,3506.67,152.02,644,291.67,25,71,4.67,362.67,29.67,42.67,1.67,28.67,4,1.67,0
Zachary de Jesus,Z. de Jesus,795547,2/4/06,Sydney Football Club,869,AUS - A-League,61,2024/2025,95,Full Back,81.75,26.42,17.8,7,0,9689.29,118.53,1393.57,633,58.86,229,11.71,862,70.57,99.57,6.14,81.57,20.57,4.71,0.81,1,1.66,29.64,29.96,3758.43,142.24,603,255.57,23.71,98.43,4.71,354,28.43,37,1.86,27.71,5.57,0.86,0.14,3034.86,170.54,616.43,325.57,28.86,116.71,5.43,442.29,34.29,36.43,2.14,21.86,6,1.86,0.43
Fabian Monge,F. Monge,796012,6/12/01,Melbourne Victory Football Club,868,AUS - A-League,61,2024/2025,95,Midfield,64.9,18.9,16.12,1,0,8853,136.41,1886,559,40,15,3,574,43,79,2,69,7,1,,0,,24.8,24.8,3357,177.62,913,104,11,1,0,105,11,23,0,25,1,0,0,3102,192.47,855,432,26,14,1,446,27,27,1,20,2,0,0
Lachlan Barr,L. Barr,796014,9/24/94,Perth Glory Football Club,871,AUS - A-League,61,2024/2025,95,Central Defender,97.38,20.75,35.28,6,0,10182.33,104.57,1171.17,420.83,38.5,115.83,6.5,536.67,45,109.33,5,93.17,12.67,3.67,0.81,1.17,1.76,28.12,28.3,2606.83,125.61,313,60,6.83,17,0.5,77,7.33,23.33,1,16.5,2.5,0.67,0,4791.33,135.8,716.5,320,28.17,85.33,4.5,405.33,32.67,55.83,1.83,43.5,4.67,1.17,0.17
Luka Jovanovic,L. Jovanovic,797295,5/20/05,Adelaide United Football Club,866,AUS - A-League,61,2024/2025,95,Center Forward,69.65,21.87,18.77,7,0,8271,118.74,1284.14,541.86,48.14,130.86,8.29,672.71,56.43,80.29,5.57,62.14,14,4.14,0.72,1.14,1.82,28.26,28.88,3060.57,139.92,499,236.14,20.57,79,4.14,315.14,24.71,33.14,2,20.71,4,1,0.43,2998.57,159.76,648.43,265.29,22.14,36.29,2.71,301.57,24.86,23.57,1.43,19.29,3.86,1,0.14
Adam Zimarino,A. Zimarino,797298,8/28/01,Brisbane Roar FC,1802,AUS - A-League,61,2024/2025,95,Center Forward,66.27,19.69,21.33,3,0,8173.33,123.34,1287.67,392.67,35.67,42.67,3.33,435.33,39,80.33,4,69,9.67,2.33,,0,,25.8,25.8,2645.33,134.36,422,147.67,14,26.67,1.33,174.33,15.33,24.67,1.33,17.33,3.33,1,0,3478.33,163.05,754,210.67,18,14.67,1,225.33,19,29.67,0.67,27.67,3,0.33,0
Adam Zimarino,A. Zimarino,797298,8/28/01,Brisbane Roar FC,1802,AUS - A-League,61,2024/2025,95,Wide Attacker,68.38,18.57,21.1,2,0,8198.5,119.89,1246.5,458,40.5,75.5,5.5,533.5,46,81,3,65.5,7,2,,0.5,,26.95,26.95,2436.5,131.23,364,142,14,44.5,2,186.5,16,24,0.5,17.5,2.5,0,0,3394.5,160.88,746,286,22,28,2,314,24,29.5,1.5,26,2,0,0
Matthew Sheridan,M. Sheridan,799092,5/9/04,Wellington Phoenix FC,867,AUS - A-League,61,2024/2025,95,Central Defender,91.27,23.57,29.28,9,0,9978.67,109.33,1320.78,402.44,36.89,92.33,5.22,494.78,42.11,111.78,4.89,91,10.89,3.22,0.61,0.78,1.34,27.9,28.58,3270.22,138.73,513.67,143.44,11.78,24,1.11,167.44,12.89,33.33,1.11,24.89,2.44,0.56,0,4044.56,138.12,642.33,216.67,20.89,60.22,2.56,276.89,23.44,50.89,2.22,37.78,3.56,1.33,0.33
Matthew Sheridan,M. Sheridan,799092,5/9/04,Wellington Phoenix FC,867,AUS - A-League,61,2024/2025,95,Full Back,98.83,32.77,29.57,1,0,11564,117.01,1655,750,63,174,10,924,73,118,7,107,16,5,,0,,27.5,27.5,4601,140.42,730,317,21,68,3,385,24,41,3,33,4,2,0,4128,139.62,719,384,36,102,5,486,41,59,3,41,7,2,0
Matthew Sheridan,M. Sheridan,799092,5/9/04,Wellington Phoenix FC,867,AUS - A-League,61,2024/2025,95,Midfield,88.1,20.94,28.28,9,0,11541,131,2260.33,741.67,59.89,124.67,7.67,866.33,67.56,120.89,3.89,107.78,12.78,2.67,0.71,0.78,1.33,26.94,27.5,3381.89,161.5,751.78,195,16.33,35.56,1.78,230.56,18.11,32.56,1,24.11,1.89,0.33,0,5074.33,179.42,1323.56,497.89,38.22,85.22,4.22,583.11,42.44,58.33,1.44,46.44,6.56,1.11,0.33
Matthew Sheridan,M. Sheridan,799092,5/9/04,Wellington Phoenix FC,867,AUS - A-League,61,2024/2025,95,Wide Attacker,62.45,20.53,19.92,1,0,7759,124.24,1286,735,63,200,11,935,74,99,12,69,22,8,,4,,28.8,28.8,2928,142.6,515,354,33,116,7,470,40,42,5,25,6,5,3,3107,156,639,343,27,61,4,404,31,41,4,29,10,1,0
Kaelan Majekodunmi,K. Majekodunmi,799157,2/21/04,Perth Glory Football Club,871,AUS - A-League,61,2024/2025,95,Central Defender,96.37,22.74,33.57,3,0,10286,106.74,1103.33,363.67,32.67,70.67,5,434.33,37.67,95.67,3.33,76,8.67,2,,0,,27.77,27.77,2864,125.95,307,65.67,6,19.33,1,85,7,20.67,0,17.33,1.67,0,0,4602.33,137.11,650,268,23,51.33,2.33,319.33,25.33,48,1.33,35.67,2.67,0.67,0
Kaelan Majekodunmi,K. Majekodunmi,799157,2/21/04,Perth Glory Football Club,871,AUS - A-League,61,2024/2025,95,Full Back,65.7,13.75,22.27,1,0,7812,118.9,1153,443,49,213,14,656,63,88,6,65,19,4,,4,,29.7,29.7,1857,135.05,236,87,10,33,2,120,12,22,1,12,2,1,1,3520,158.08,782,323,37,172,11,495,48,42,3,27,10,2,2
Nathan Walker,N. Walker,799453,1/30/06,Wellington Phoenix FC,867,AUS - A-League,61,2024/2025,95,Full Back,84.72,25.2,26.53,2,0,9879.5,116.61,1390.5,743.5,69.5,322.5,16,1066,85.5,118.5,7.5,93.5,27.5,5.5,,1,,30,30,3642.5,144.54,610.5,395.5,36.5,223.5,9.5,619,46,42,2.5,27.5,8,2.5,0,3573.5,134.68,626.5,308.5,27.5,63,4,371.5,31.5,49.5,3,33,11,2,0.5
Nathan Walker,N. Walker,799453,1/30/06,Wellington Phoenix FC,867,AUS - A-League,61,2024/2025,95,Midfield,61.25,13.68,21.97,1,0,7739,126.35,1214,743,59,229,11,972,70,105,6,82,22,3,,2,,29.2,29.2,2060,150.55,362,289,23,100,5,389,28,26,2,13,4,2,1,3595,163.66,739,402,31,81,5,483,36,51,1,39,10,0,0
Nathan Walker,N. Walker,799453,1/30/06,Wellington Phoenix FC,867,AUS - A-League,61,2024/2025,95,Wide Attacker,94.63,29.83,31.13,1,0,11321,119.63,1690,911,90,382,17,1293,107,161,13,125,39,12,,7,,31.1,31.1,4122,138.17,646,397,41,230,10,627,51,59,5,35,8,5,3,4436,142.48,859,391,42,141,7,532,49,67,4,56,20,3,2
Joshua Inserra,J. Inserra,800322,1/21/05,Melbourne Victory Football Club,868,AUS - A-League,61,2024/2025,95,Full Back,89.69,24.66,20.82,5,0,10402.2,115.98,1533.8,679.8,68.8,290.8,15.8,970.6,84.6,121.6,6.4,96,23.2,4.4,0.77,1.6,1.7,29.68,29.68,3680.8,149.24,702.2,262.4,27,105.2,5.2,367.6,32.2,39.4,1.6,30.2,5,1.2,0.6,3375.8,162.17,669.6,360.8,34,165.8,8,526.6,42,42,2.2,28.2,6.8,1.4,0.6
Nathan Amanatidis,N. Amanatidis,800913,1/23/06,Brisbane Roar FC,1802,AUS - A-League,61,2024/2025,95,Center Forward,67.32,13.18,18.83,1,0,8396,124.72,1420,643,59,230,16,873,75,86,3,67,9,3,,1,,31.2,31.2,1995,151.33,358,159,17,100,5,259,22,24,1,13,2,1,0,3358,178.3,879,382,29,85,5,467,34,34,1,26,3,1,1
Nathan Amanatidis,N. Amanatidis,800913,1/23/06,Brisbane Roar FC,1802,AUS - A-League,61,2024/2025,95,Wide Attacker,60.35,13.92,22.42,1,0,8390,139.02,1254,469,38,101,8,570,46,82,2,73,8,1,,0,,28.9,28.9,2338,168,400,198,15,65,4,263,19,20,0,16,3,0,0,3714,165.68,665,201,18,34,2,235,20,40,1,33,3,0,0
Kealey Adamson,K. Adamson,808580,2/17/03,Macarthur FC,1804,AUS - A-League,61,2024/2025,95,Full Back,94.14,26.12,25.98,23,0,10830.17,115.05,1528.7,674.61,62,206.13,12.3,880.74,74.3,124.39,7.65,98.26,25.17,5.48,0.67,1.48,1.36,28.56,29.74,3867.04,148.08,692,304.35,26.43,87.13,4.7,391.48,31.13,41.09,2.52,29.26,6.78,1.57,0.3,3746.22,144.17,646.04,315.26,29.65,102.39,5.96,417.65,35.61,47.17,2.43,31.52,6.87,1.7,0.65
Kealey Adamson,K. Adamson,808580,2/17/03,Macarthur FC,1804,AUS - A-League,61,2024/2025,95,Wide Attacker,104.58,22.95,23.77,1,0,11082,105.96,1614,666,63,186,12,852,75,121,6,98,24,5,,1,,27.6,27.6,3337,145.4,671,272,25,109,7,381,32,42,2,29,7,1,1,3729,156.9,725,348,30,65,3,413,33,44,2,35,3,2,0
Austin Ayoubi,A. Ayoubi,808608,7/27/01,Adelaide United Football Club,866,AUS - A-League,61,2024/2025,95,Wide Attacker,67.7,21.88,18.4,4,0,7865.25,116.19,1072,552.25,58.75,238.25,12.25,790.5,71,94.75,7.5,69.75,21,5.75,0.73,3.5,1.34,30.1,30.1,3010.25,137.59,497,308,32.25,154.75,7.75,462.75,40,46,4,28.75,6.25,2.75,1.75,2733,148.5,467,187,20.5,68.5,2.75,255.5,23.25,25.75,1.5,19.25,4.5,1,0.75
Bailey Brandtman,B. Brandtman,808609,6/28/05,Central Coast Mariners Football Club,870,AUS - A-League,61,2024/2025,95,Center Forward,60.63,22.19,17.46,2,0,7874,129.86,1427,595,44.5,92.5,5,687.5,49.5,71.5,4.5,60.5,9,2.5,,0.5,,26.7,26.7,3250.5,146.47,637.5,331,24.5,44,2.5,375,27,38.5,2,25.5,3.5,1.5,0,2918.5,167.17,674.5,242.5,17.5,43.5,1.5,286,19,23,1,19,2,0.5,0.5
Bailey Brandtman,B. Brandtman,808609,6/28/05,Central Coast Mariners Football Club,870,AUS - A-League,61,2024/2025,95,Wide Attacker,67.48,19.18,24.73,2,0,8530,126.4,1402,601.5,44,101,5.5,702.5,49.5,96,3.5,79.5,12.5,1,,0,,26.55,26.55,2809,146.43,566.5,287,21.5,60,3,347,24.5,34.5,1.5,19.5,3,0.5,0,3792,153.37,707.5,280,18.5,28.5,1,308.5,19.5,39.5,2,35,5.5,0.5,0
Hayden Matthews,H. Matthews,808964,6/19/04,Sydney Football Club,869,AUS - A-League,61,2024/2025,95,Central Defender,96.64,30.04,21.19,11,0,10114.36,104.66,1305,429.91,43,149.36,8.73,579.27,51.73,105.64,5.18,81.45,11.73,3.18,0.66,0.82,1.3,29.48,30.72,3687.09,122.74,465.55,109.55,11.73,24.55,1.36,134.09,13.09,35.55,1.18,27.18,2.64,0.55,0.09,3270,154.31,638.45,264.64,25.64,106,5.18,370.64,30.82,38.36,1.91,25.64,3.18,1.09,0.55
Adriano Lebib,A. Lebib,809166,1/29/06,Perth Glory Football Club,871,AUS - A-League,61,2024/2025,95,Central Defender,99.02,19.55,33.06,7,0,10618.57,107.24,1314,378.14,37.43,121.43,6.57,499.57,44,96.14,4.57,78.57,8.29,3.14,0.65,1.57,1.32,29.64,30.68,2761.43,141.23,437,103.86,10.29,25.43,1.14,129.29,11.43,22.57,1.29,16.86,1.71,0.86,0.43,4624.86,139.9,720.29,238.86,23.14,87.43,4.14,326.29,27.29,48.43,2,36.14,2.57,1.57,0.86
Zach Lisolajski,Z. Lisolajski,809345,10/5/05,Perth Glory Football Club,871,AUS - A-League,61,2024/2025,95,Full Back,89.94,17.71,31.05,9,0,10240.44,113.86,1456.56,574.11,56.67,196.67,11.67,770.78,68.33,107.56,6.89,90.33,18.78,5.56,0.7,1.33,1.36,29.31,30.28,2540.33,143.4,444.22,161,14.78,54.56,3,215.56,17.78,25.11,1.78,17.56,3.33,1.22,0.33,4558.44,146.79,828.33,368.33,34.44,125.78,7.22,494.11,41.67,53.22,3.22,38.67,7.44,2.56,0.56
Jordan Lauton,J. Lauton,809670,4/1/03,Western United,1803,AUS - A-League,61,2024/2025,95,Midfield,79.5,26.55,17.27,1,0,10300,129.56,2151,530,40,33,2,563,42,89,2,71,7,0,,0,,24.6,24.6,4324,162.86,1036,181,15,7,0,188,15,35,0,29,2,0,0,3168,183.47,886,346,23,25,1,371,24,30,0,16,2,0,0
Panagiotis Kikianis,P. Kikianis,809759,3/8/05,Adelaide United Football Club,866,AUS - A-League,61,2024/2025,95,Central Defender,97.26,28.09,26.39,23,0,10158,104.44,1147.87,321.13,28.96,75.96,4.48,397.09,33.43,111.7,4.22,90.87,11.39,2.43,0.76,0.3,1.81,27.5,29.06,3541.22,126.05,373.65,56,5.3,13.35,0.39,69.35,5.7,34.78,1.04,28.09,2.22,0.26,0,3712.7,140.69,607.96,233.65,19.96,57,2.83,290.65,22.78,44.74,1.74,32.17,3.78,0.87,0.17
Aydan Johnathan Hammond ,A. Hammond,809826,12/23/03,Western Sydney Wanderers FC,2902,AUS - A-League,61,2024/2025,95,Wide Attacker,73.55,19.44,23.24,4,0,9828.5,133.63,1836,613.5,56.25,112,6.75,725.5,63,106,3.75,88.25,16.25,3.75,0.75,0.75,,27.02,27.02,3269,168.14,720.25,290.25,24.25,37.75,2.5,328,26.75,37.75,1,26,3.75,0.75,0.25,3874,166.68,919,283.25,28,64.25,3.25,347.5,31.25,42.75,1,34.25,6,0.75,0
Charbel Shamoon,C. Shamoon,810406,2/10/04,Western United,1803,AUS - A-League,61,2024/2025,95,Full Back,93.89,24.87,29.63,12,0,11233.58,119.65,1611.42,683.17,59.08,192.25,10.75,875.42,69.83,104,5.42,93.58,16.42,4.25,0.77,1.08,1.63,28.36,29.44,3540.67,142.39,530.83,195,17.67,54,3.08,249,20.75,28.75,1.75,23.67,3.58,1.08,0.25,4603.83,155.39,909.33,437.92,35.83,129.33,6.25,567.25,42.08,48.33,2.42,36.25,6.58,1.67,0.58
Ariath Piol,A. Piol,810561,10/11/04,Macarthur FC,1804,AUS - A-League,61,2024/2025,95,Center Forward,68.32,20.53,18.61,5,0,7914.8,115.85,978,475.2,50.4,217,11.6,692.2,62,84,5.6,64.8,17,4.2,0.79,1,,30.2,30.2,2980.2,145.16,462,267.4,28.4,159.8,7,427.2,35.4,32,2.6,21.2,4.6,1.6,0.6,2733.4,146.85,419.6,166.8,18,44.8,3,211.6,21,28,1.4,21.4,5,1.2,0.2
Luke Vickery,L. Vickery,811052,10/25/05,Western United,1803,AUS - A-League,61,2024/2025,95,Wide Attacker,79.25,21.9,20.73,1,0,9459,119.36,1513,813,80,397,22,1210,102,98,7,78,23,5,,4,,31.2,31.2,3087,140.96,548,334,33,193,10,527,43,39,4,26,6,2,2,3379,162.97,733,391,37,192,10,583,47,36,2,25,8,2,0
Kasey Bos,K. Bos,811820,5/8/04,Melbourne Victory Football Club,868,AUS - A-League,61,2024/2025,95,Full Back,97.3,26.32,24.54,22,0,11393,117.09,1632.91,709.64,60.73,182.95,11.05,892.59,71.77,104.23,5.5,83.55,15.77,3.73,0.66,1.32,1.38,28.4,30.08,4004.09,152.11,689.73,284.64,24.64,89.45,4.68,374.09,29.32,33.77,1.95,24.59,4.05,1.23,0.27,3786.73,154.32,753.86,367.77,29.68,76.09,4.45,443.86,34.14,41.64,2.05,27.73,5.32,1.27,0.41
Kasey Bos,K. Bos,811820,5/8/04,Melbourne Victory Football Club,868,AUS - A-League,61,2024/2025,95,Wide Attacker,64.38,18.57,15.62,1,0,7809,121.29,1317,390,33,104,4,494,37,82,3,69,9,0,,0,,28.2,28.2,2847,153.34,612,261,19,61,2,322,21,35,1,25,4,0,0,2485,159.12,530,128,13,41,1,169,14,22,1,16,2,0,0
Oliver Lavale,O. Lavale,818284,4/5/05,Western United,1803,AUS - A-League,61,2024/2025,95,Center Forward,75.62,18.99,23.57,2,0,9605.5,127.03,1476,672.5,62,177,11,849.5,73,100.5,8.5,82.5,15,6.5,,0,,27.9,27.9,2731,143.8,539,229,19.5,50.5,2.5,279.5,22,33,1.5,21,2.5,0,0,4144,175.84,778.5,402.5,37.5,116.5,7,519,44.5,37,2.5,31,4.5,2.5,0
Abel Walatee,A. Walatee,818554,2/22/04,Western United,1803,AUS - A-League,61,2024/2025,95,Wide Attacker,73.84,19.08,21.54,9,0,8533.67,115.57,1124.22,418.44,45.33,149.67,8.11,568.11,53.44,84.44,4.56,70.89,11.78,3.56,0.74,1.11,1.44,28.92,29.92,2739.78,143.6,460.67,215.44,21.78,85.67,4.56,301.11,26.33,31,1.56,20,3.56,1.11,0.11,3171.44,147.26,546,164.67,18.44,53.33,2.11,218,20.56,29,1.56,23.89,4.33,1,0.33
Sasha Kuzevski,S. Kuzevski,923863,3/27/01,Central Coast Mariners Football Club,870,AUS - A-League,61,2024/2025,95,Full Back,90.48,33.12,22.56,3,0,10536.33,116.45,1511.67,631.33,59,242.33,14,873.67,73,105,6,93,14.67,2,0.97,1,,29.03,29.03,4430,133.75,670.33,248.33,24.67,98.33,5,346.67,29.67,38,2.67,30,5,0.67,0.33,3402.67,150.86,647.67,330,29.33,136.33,7.33,466.33,36.67,38.33,1.67,25.33,3.67,1,0.67
Sasha Kuzevski,S. Kuzevski,923863,3/27/01,Central Coast Mariners Football Club,870,AUS - A-League,61,2024/2025,95,Wide Attacker,68.38,21.78,19.77,3,0,8293.67,121.29,1288,497.33,47.67,153.67,9.33,651,57,92,6,76.67,15,3.67,0.95,0.67,,28,28,3087.67,141.78,547,253.67,23.33,70.67,4,324.33,27.33,42,2,26.33,4,1.33,0.33,2966,150.01,596,198.67,19,64.33,3.67,263,22.67,31,1,24.33,4.67,0.33,0
Haine Anthony Eames,H. Eames,923864,2/27/08,Central Coast Mariners Football Club,870,AUS - A-League,61,2024/2025,95,Midfield,94.75,27.88,28.46,10,0,11840.4,124.97,2066.9,533,42.5,72.5,3.5,605.5,46,111.1,2.7,98.9,12,1.6,0.73,0.7,1.74,25.98,26.76,4096.5,146.94,764.4,152.8,12,19.2,0.7,172,12.7,35.6,0.8,28.8,3.3,0.4,0.1,4862.2,170.83,1164.1,363.9,27.8,48.1,2.4,412,30.2,49.4,0.7,39.6,4.6,0.4,0.1
Haine Anthony Eames,H. Eames,923864,2/27/08,Central Coast Mariners Football Club,870,AUS - A-League,61,2024/2025,95,Wide Attacker,72.5,29.92,16.43,1,0,8718,120.25,1400,631,50,98,6,729,56,98,2,78,17,2,,1,,26.3,26.3,3884,129.83,646,254,22,14,1,268,23,52,0,40,5,0,0,2679,163.02,598,315,24,73,3,388,27,29,1,22,8,1,0
Arthur De Lima,A. De Lima,923865,,Central Coast Mariners Football Club,870,AUS - A-League,61,2024/2025,95,Center Forward,76.69,22.3,24.71,5,0,9628,125.54,1556,590.4,61.8,196.4,11.8,786.8,73.6,110.8,6.4,91.2,20.8,4.6,0.69,1.8,1.36,29.1,29.1,3101.4,139.1,521.8,246.6,23.8,92.4,4.8,339,28.6,37.2,1.6,24.4,4.4,1.4,0.4,4122.2,166.8,905.6,301.4,32.2,82,4.8,383.4,37,45.4,2.4,36.8,7.8,1.6,0.4
Dean Pelekanos,D. Pelekanos,957034,1/5/01,Western Sydney Wanderers FC,2902,AUS - A-League,61,2024/2025,95,Central Defender,101.01,31.81,30.19,2,0,10102.5,100.02,983,328.5,31,70,5,398.5,36,107.5,3,81.5,8.5,0,,0,,27.35,27.35,3649,114.72,276,36.5,4.5,10.5,0.5,47,5,30.5,0,24.5,2.5,0,0,3956.5,131.05,585,250,21.5,55,3.5,305,25,47,1.5,33,2.5,0,0
Dean Pelekanos,D. Pelekanos,957034,1/5/01,Western Sydney Wanderers FC,2902,AUS - A-League,61,2024/2025,95,Midfield,90.42,21.39,28.72,2,0,11534,127.55,1934,463,34.5,73,4,536,38.5,105.5,3,94,9.5,2,,0,,25.65,25.65,3421.5,159.95,588,63,6,12,0.5,75,6.5,29.5,0.5,22,1.5,0,0,4905.5,170.82,1180,364.5,25,58.5,3,423,28,50,1,39.5,4.5,0.5,0
Corban Piper,C. Piper,957734,9/10/02,Wellington Phoenix FC,867,AUS - A-League,61,2024/2025,95,Central Defender,97.24,22.23,32.25,4,0,10241.75,105.32,1120,443.75,43,162.75,8.75,606.5,51.75,106.75,5,89.75,14.5,3.5,0.7,0.5,,29.1,29.1,2798,125.89,305.25,113.5,12.25,58.5,2.5,172,14.75,25.25,0.75,20.25,2.25,0.5,0,4348.75,134.86,644.25,277.5,24.75,90,5,367.5,29.75,49.25,2,40.5,4,1.25,0.25
Corban Piper,C. Piper,957734,9/10/02,Wellington Phoenix FC,867,AUS - A-League,61,2024/2025,95,Full Back,90.18,26.07,27.91,6,0,9986.83,110.74,1262.83,613,60.67,245.17,14.17,858.17,74.83,110.67,7.83,89.33,22.67,5.83,0.67,2.33,1.37,29.08,29.18,3418,131.1,487.83,249,25.33,121.5,6.17,370.5,31.5,35.5,2,25.67,5.5,1.5,0.67,3874.33,138.84,613,307.83,28.67,99.83,6.67,407.67,35.33,50.5,2.83,33.33,7.83,1.67,0.83
Corban Piper,C. Piper,957734,9/10/02,Wellington Phoenix FC,867,AUS - A-League,61,2024/2025,95,Midfield,98.82,20.68,25.3,1,0,10780,109.09,1540,786,77,418,21,1204,98,105,6,91,19,5,,3,,30.5,30.5,3076,148.72,528,371,39,229,12,600,51,36,3,26,4,3,2,3929,155.3,764,373,34,181,8,554,42,41,2,31,4,1,1
Corban Piper,C. Piper,957734,9/10/02,Wellington Phoenix FC,867,AUS - A-League,61,2024/2025,95,Wide Attacker,84.03,21.66,26.46,4,0,9714,115.6,1461.75,659,68,270.5,15,929.5,83,113.25,11.75,93.5,26.75,10.25,0.7,3.25,1.45,29.7,29.7,3105.75,143.37,560.5,297.25,29.25,152.5,7.75,449.75,37,39,3.25,23,5.75,3.25,1.5,3845.25,145.31,739,309.75,32.5,97.25,5.75,407,38.25,48.5,4,38,9.75,3,0.75
Dylan Leonard,D. Leonard,957737,8/30/07,Western United,1803,AUS - A-League,61,2024/2025,95,Central Defender,96.63,26.74,28.46,27,0,11033.3,114.18,1528.7,519.96,45.74,116.11,7.89,636.07,53.63,116.7,4.74,95.37,11.85,2.59,0.7,0.78,1.57,27.79,29.44,3701.44,138.45,551.48,116,11.11,19.04,1.33,135.04,12.44,33.78,1.11,27.52,2.44,0.26,0.04,4278.37,150.31,758.81,349.78,29.67,85.78,4.96,435.56,34.63,49.19,2.04,35.52,4.56,1.07,0.44
Ryan White,R. White,962802,5/23/04,Adelaide United Football Club,866,AUS - A-League,61,2024/2025,95,Midfield,96.53,31.42,23.75,1,1,13173,136.46,2702,567,50,74,6,641,56,114,3,104,9,3,,2,,26.2,26.2,5212,165.9,1092,216,20,39,4,255,24,48,1,37,4,1,1,4519,190.27,1403,339,27,33,2,372,29,38,1,33,2,1,0
Kavian Rahmani,K. Rahmani,963054,12/29/06,Melbourne City FC,2380,AUS - A-League,61,2024/2025,95,Wide Attacker,76.41,25.24,16.86,5,0,9091.2,118.97,1473.2,458.6,44,63.6,5.2,522.2,49.2,94.6,5.2,77.8,14.6,3.8,0.83,0,,27.08,27.08,3550,140.63,709.6,244,23.6,35.8,2.2,279.8,25.8,39.2,2.4,26.4,4.8,1.8,0,2751,163.2,600.2,180.2,15.8,15.8,1.2,196,17,27.6,1.6,19.6,3.6,0.8,0
Arion Sulemani,A. Sulemani,963055,3/1/05,Melbourne City FC,2380,AUS - A-League,61,2024/2025,95,Center Forward,69.39,25.12,16.96,3,0,7998,115.25,1154.33,613.33,60,169,12,782.33,72,97.33,7.33,83.33,12.67,5.33,0.78,1.33,,27.9,27.9,3179.67,126.6,451.67,195.33,21,60.33,4.67,255.67,25.67,39,2.67,28,4,2.33,1.33,2745.67,161.93,587.67,373.67,33,85,5.33,458.67,38.33,33.67,1.67,26.33,4.67,1,0
Liam  Gillion,L. Gillion,965685,10/17/02,Auckland FC,4177,AUS - A-League,61,2024/2025,95,Wide Attacker,86.76,20.93,23.33,11,0,10924.18,125.91,1787.09,761.45,73.82,276.18,14.55,1037.64,88.36,110.55,7.55,86.45,18.09,5.36,0.65,2,1.35,29.92,31.08,3501.18,167.27,696.09,359.73,37.36,196.73,9.27,556.45,46.64,41,3.45,25.45,5.09,2.55,1.09,3911.45,167.69,884,337.82,28.91,64.64,4.18,402.45,33.09,37.55,2,27.91,6.27,1,0.36
Samuel Klein,S. Klein,965695,3/15/04,Brisbane Roar FC,1802,AUS - A-League,61,2024/2025,95,Midfield,96.58,27.27,27.48,15,0,12456.47,128.98,2028.6,619.33,50.6,112.93,6.53,732.27,57.13,113.93,2.67,98.67,9.27,1.8,0.77,0.47,1.7,26.87,27.86,4308.6,158,788.53,216.07,18.93,43.13,2,259.2,20.93,37.13,0.87,27.87,2.4,0.53,0.07,4757.2,173.11,1061.87,365.47,27.73,61.53,3.07,427,30.8,46.47,0.93,36.53,3.4,0.6,0.07
Lucas Herrington,L. Herrington,965697,5/9/07,Brisbane Roar FC,1802,AUS - A-League,61,2024/2025,95,Central Defender,95.65,27.58,26.32,15,0,10078.2,105.37,1103.53,300.27,27.07,54.33,3.73,354.6,30.8,98.4,3.27,78.67,7.73,1.73,0.81,0.53,1.51,26.57,28.28,3450.6,125.1,370.67,61.13,5.73,9.67,0.53,70.8,6.27,28.87,0.73,22.27,2,0.07,0.07,3696.53,140.42,577.6,208.8,18,38.07,1.87,246.87,19.87,39.6,1.13,28.93,2.4,0.53,0.07
Jacob  Brazete,J. Brazete,965698,1/20/06,Brisbane Roar FC,1802,AUS - A-League,61,2024/2025,95,Midfield,85.33,24.65,25.38,1,0,9841,115.32,1294,427,36,65,6,492,42,105,2,91,12,2,,1,,25.7,25.7,3374,136.88,550,238,17,36,2,274,19,42,1,28,4,1,0,3804,149.86,630,176,15,25,2,201,17,34,0,30,4,0,0
Jacob  Brazete,J. Brazete,965698,1/20/06,Brisbane Roar FC,1802,AUS - A-League,61,2024/2025,95,Wide Attacker,71.47,23.89,20.88,4,0,8166.5,114.26,1106.25,428.5,43.75,115.25,7,543.75,50.75,88.25,4.75,71,12.25,4,0.7,1.5,1.69,28.32,28.32,3121.75,130.66,522,211.75,20.75,43,2.5,254.75,23.25,34.75,2,23,3.75,1.5,0.25,2906.25,139.19,476.75,165.5,18,54,3,219.5,21,30,1.5,23,3.75,1.25,0.75
Cristian David Caicedo Castillo,C. Caicedo,966110,1/4/02,Perth Glory Football Club,871,AUS - A-League,61,2024/2025,95,Center Forward,81.43,16.47,30.12,1,0,9639,118.37,1533,630,65,178,11,808,76,94,8,71,20,6,,4,,28.4,28.4,2272,137.98,424,100,12,48,2,148,14,30,2,18,4,2,1,4969,164.99,1062,515,49,124,7,639,56,44,2,35,10,1,1
Jaylan Pearman,J. Pearman,966111,4/18/06,Perth Glory Football Club,871,AUS - A-League,61,2024/2025,95,Center Forward,85.31,19.67,28.28,8,0,10811.88,126.74,1789.25,462.25,40.38,72.5,4.25,534.75,44.62,91.38,3.5,73.5,9.25,1.75,0.85,0.25,,26.7,27.32,3206.88,163.03,651.38,199.12,17.38,41.25,2.12,240.38,19.5,33.5,1.25,20,2.62,0.5,0,4682.25,165.55,1026.38,241.88,19.88,27.38,1.12,269.25,21,37.88,1.38,31.88,3,0.62,0.25
Jaylan Pearman,J. Pearman,966111,4/18/06,Perth Glory Football Club,871,AUS - A-League,61,2024/2025,95,Midfield,91.23,20.98,27.97,1,0,11424,125.22,2052,577,46,87,3,664,49,100,4,85,10,3,,0,,26,26,3340,159.17,673,183,15,20,1,203,16,27,2,21,3,0,0,4834,172.85,1226,363,27,65,1,428,28,46,1,35,4,1,0
Jaylan Pearman,J. Pearman,966111,4/18/06,Perth Glory Football Club,871,AUS - A-League,61,2024/2025,95,Wide Attacker,89.1,24.64,25.96,3,0,10763.33,120.8,1549.67,518,47.67,84.67,7,602.67,54.67,94.33,4.33,84.33,14.33,3,0.78,1.33,,26.73,26.73,3623.67,147.07,632.67,180.33,18.33,25.33,2,205.67,20.33,41,1.33,29.67,4,1,0.33,4156,160.12,823.33,306,24.33,53.67,3.67,359.67,28,33.67,1,29.67,5,0.67,0
Adam Bugarija,A. Bugarija,966112,2/22/05,Perth Glory Football Club,871,AUS - A-League,61,2024/2025,95,Center Forward,75.13,15.43,27.2,4,0,9911,131.91,1751.25,405,33.75,25,2,430,35.75,95.25,4.25,80.5,9.75,2.25,0.86,0,,24.88,24.88,2581,167.24,597.25,216.25,16,15,0.75,231.25,16.75,31.75,2,19,3.75,1.25,0,4694,172.57,1029.75,170.75,15.25,6.25,0.25,177,15.5,39.25,1.25,34.5,3.5,0,0
William  Freney,W. Freney,966113,11/4/05,Perth Glory Football Club,871,AUS - A-League,61,2024/2025,95,Midfield,77.35,16.64,25.72,4,0,10184,131.65,2071.25,557.75,46,95,5.25,652.75,51.25,100,2.75,89,8.75,2.25,0.92,0.5,,26.62,26.62,2701.75,162.35,622.75,80,7,8,0.25,88,7.25,26,0.75,18.25,1.5,0,0,4614,179.42,1267,440.25,34.25,85,3.75,525.25,38,45.25,0.75,37,4,0.5,0
William  Freney,W. Freney,966113,11/4/05,Perth Glory Football Club,871,AUS - A-League,61,2024/2025,95,Wide Attacker,68.04,15.99,23.78,2,0,9033,132.76,1719.5,628.5,47.5,64.5,5.5,693,53,103.5,3.5,91.5,14.5,3,,0,,26,26,2658,166.21,596,226,18,27.5,1.5,253.5,19.5,32.5,1,24.5,3,0,0,3996.5,168.04,982,356,25,31.5,2,387.5,27,43.5,1.5,36,7,1,0
Abdelelah Faisal,A. Faisal,966114,10/27/05,Central Coast Mariners Football Club,870,AUS - A-League,61,2024/2025,95,Wide Attacker,69.93,22.07,21.75,1,0,7880,112.68,1096,486,54,236,13,722,67,93,6,71,21,6,,0,,31.5,31.5,2709,122.76,424,204,26,156,5,360,31,34,2,24,5,2,0,3129,143.86,572,255,22,70,6,325,28,32,1,26,7,1,0
Abdelelah Faisal,A. Faisal,966114,10/27/05,Perth Glory Football Club,871,AUS - A-League,61,2024/2025,95,Wide Attacker,71.54,16.07,26.56,3,0,8224.67,114.97,1092.67,540,57.33,226.33,13.33,766.33,70.67,73.67,5,63.67,11.33,2,0.91,0.33,,30.7,30.7,2256.33,140.44,349.67,249,24.33,110,6,359,30.33,22.33,1.33,14,2.67,0.33,0.33,3863.67,145.49,670,263.33,28.67,100.67,6.33,364,35,32.67,1.67,26.33,4.67,0.67,0
Khoa Ngo,K. Ngo,966115,6/30/06,Perth Glory Football Club,871,AUS - A-League,61,2024/2025,95,Wide Attacker,65.11,11.49,26.45,2,0,7929.5,121.79,1107.5,590.5,49,130,10.5,720.5,59.5,86.5,6,75.5,20,5,,1.5,,28,28,1890.5,164.51,419.5,232.5,21,59.5,5.5,292,26.5,26.5,3.5,14.5,4,3,0.5,3874.5,146.48,560,302.5,22.5,58,3,360.5,25.5,40,2.5,37,7.5,1,0.5
Joshua Damevski,J. Damevski,966116,9/30/05,Macarthur FC,1804,AUS - A-League,61,2024/2025,95,Central Defender,86.02,17.38,21.97,1,0,8348,97.05,943,318,26,57,3,375,29,90,5,67,7,4,,0,,27.8,27.8,2126,122.3,262,70,6,7,0,77,6,18,1,13,2,1,0,2994,136.3,511,196,16,49,1,245,17,37,2,28,2,1,0
Dean Bosnjak,D. Bosnjak,966117,10/11/06,Macarthur FC,1804,AUS - A-League,61,2024/2025,95,Wide Attacker,62.53,17.72,12.48,1,0,7322,117.09,1194,390,40,118,7,508,47,80,4,63,12,4,,1,,28.5,28.5,2765,156.07,585,226,21,63,4,289,25,31,1,25,3,1,0,1942,155.57,436,133,14,39,2,172,16,25,1,19,2,1,0
Harry  Sawyer,H. Sawyer,966118,12/31/96,Macarthur FC,1804,AUS - A-League,61,2024/2025,95,Center Forward,100.82,25.3,27.87,1,0,10972,108.83,1447,619,58,106,6,725,64,118,9,103,26,4,,2,,26.7,26.7,3850,152.17,694,352,34,89,4,441,38,44,2,31,6,1,0,3718,133.42,583,247,20,16,1,263,21,31,2,33,8,1,1
Benjamin Gibson,B. Gibson,966120,1/3/03,Newcastle United Jets FC,1805,AUS - A-League,61,2024/2025,95,Center Forward,78.68,25.5,23.25,8,0,9369.62,119.08,1407.5,679.5,66.38,229.88,13.25,909.38,79.62,110.88,7,96.62,17.5,4.25,0.73,1.25,1.42,29.09,29.56,3387.38,132.83,494.75,287.88,28.25,121.12,6.12,409,34.38,40.75,2.75,28.62,4.38,1.12,0.75,3703.38,159.28,775,341.25,33.75,83.25,4.88,424.5,38.62,41,2,35.25,7.75,1.5,0.25
Frans Deli,F. Deli,970049,7/8/05,Macarthur FC,1804,AUS - A-League,61,2024/2025,95,Midfield,78.44,20.09,21.24,4,0,9369.5,119.45,1619.75,370,31.25,34.25,2.75,404.25,34,95.25,2.5,88,8.25,1,0.95,0,,25.18,25.18,3024.5,150.54,544.75,50.25,6,6.75,0.25,57,6.25,27.5,0.5,21.25,2,0,0,3586.75,168.89,907,281,20.75,25.75,1.25,306.75,22,37.5,0.75,31.25,2.25,0,0
Lawrence Wong,L. Wong,972648,10/6/07,Melbourne City FC,2380,AUS - A-League,61,2024/2025,95,Center Forward,65.18,20.57,14.62,1,0,8495,130.32,1616,680,54,106,6,786,60,91,5,71,16,4,,2,,26.8,26.8,3293,160.11,705,335,27,52,3,387,30,37,1,27,6,0,0,2689,183.97,755,259,19,40,2,299,21,23,1,16,4,1,0
Lawrence Wong,L. Wong,972648,10/6/07,Melbourne City FC,2380,AUS - A-League,61,2024/2025,95,Midfield,74.33,25.55,18.64,2,0,9667.5,130.06,1839,585.5,53,92.5,5.5,678,58.5,104.5,4.5,83.5,11,2.5,,0,,27.6,27.6,3723,145.71,717,223.5,24,39.5,2,263,26,43.5,2,32,4.5,1,0,3497.5,187.62,968,318,25,46,2.5,364,27.5,32,0.5,21,2,0.5,0
Luke Brooke-Smith,L. Brooke-Smith,972687,6/6/08,Wellington Phoenix FC,867,AUS - A-League,61,2024/2025,95,Wide Attacker,67.16,20.93,21.35,3,0,8735,130.06,1446.67,680,64.67,261.33,12.33,941.33,77,89.33,7,69.33,20.33,5.33,0.7,2,1.54,29.63,29.63,3187,152.25,617.33,315.33,28.33,135.33,5.67,450.67,34,32.67,2.33,23,4.33,1.67,0.67,3435.67,160.92,729,309.33,31.33,101,5.33,410.33,36.67,36.67,2,25.33,7.67,1.67,0.33
Fabian Talladira,F. Talladira,973078,2/4/06,Adelaide United Football Club,866,AUS - A-League,61,2024/2025,95,Full Back,96,24.62,28.95,1,0,10484,109.21,1334,397,39,76,5,473,44,112,5,98,16,3,,0,,27.5,27.5,3236,131.46,421,76,8,7,0,83,8,25,1,21,2,0,0,4125,142.49,793,278,27,68,3,346,30,52,2,39,6,2,0
Kyle Reilly  Shaw,K. Shaw,998256,9/7/04,Sydney Football Club,869,AUS - A-League,61,2024/2025,95,Central Defender,100.03,30.92,21.92,2,0,10365,103.62,1320,534,42.5,95.5,7.5,629.5,50,105,4,85.5,10.5,1.5,,1,,27.1,27.1,3657.5,118.3,400.5,122.5,11,24,2,146.5,13,31,0.5,24.5,2,0,0,3527.5,160.95,732,345.5,28,65,4.5,410.5,32.5,39,2,23,2.5,1,0.5
Austin Ludwik,A. Ludwik,998558,2/11/97,Brisbane Roar FC,1802,AUS - A-League,61,2024/2025,95,Central Defender,68.17,16.11,25.25,3,0,7494.33,109.94,857.67,281.33,27.67,60,4.33,341.33,32,77,3,66,7.33,1.67,,0.33,,27.37,27.37,2167.67,134.59,261.67,61,6.67,13.67,0.67,74.67,7.33,15,1,12.67,1.67,1,0,3397,134.53,468.33,185,17,43,2.67,228,19.67,38.67,1,31.33,2.33,0.67,0
Harry Crawford,H. Crawford,998842,12/10/91,Adelaide United Football Club,866,AUS - A-League,61,2024/2025,95,Full Back,101.42,28.62,23.04,2,0,11036,108.82,1378.5,659.5,58.5,243.5,12,903,70.5,112.5,7,89,19,6,,2.5,,31.05,31.05,3760.5,131.37,513,270,22.5,71.5,3.5,341.5,26,40,3.5,27,5,3,1.5,3561.5,154.57,667,314.5,27.5,135,7,449.5,34.5,41.5,2,28,5.5,1.5,0.5
Harry Crawford,H. Crawford,1002177,2/3/07,Adelaide United Football Club,866,AUS - A-League,61,2024/2025,95,Full Back,77.19,21.55,18.34,2,0,8595,111.35,1079,534.5,52.5,169,11,703.5,63.5,101.5,7,81,21.5,4.5,,2,,29.15,29.15,2898.5,134.5,399.5,234,20.5,84.5,4,318.5,24.5,34.5,2,21,3.5,0.5,0.5,2816,153.53,507,237.5,22.5,49.5,4,287,26.5,38.5,3,26,7,2,1